date,deployed,v39_final,v39_meta,base_book,trend,carry,sp_momentum,sp_pead,sp_reversion,graph_paper,graph_hedged,spy,sixty_forty
1994-01-28,,,,,100.0,,,,,,,100.0,
1994-02-04,,,,,96.2,,,,,,,98.1,
1994-02-11,,,,,96.9,,,,,,,98.5,
1994-02-18,,,,,95.8,,,,,,,97.9,
1994-02-25,,,,,95.5,,,,,,,97.8,
1994-03-04,,,,,95.0,,,,,,,97.5,
1994-03-11,,,,,95.6,,,,,,,97.8,
1994-03-18,,,,,96.9,,,,,,,98.7,
1994-03-25,,,,,93.4,,,,,,,96.5,
1994-04-01,,,,,90.8,,,,,,,93.7,
1994-04-08,,,,,90.7,,,,,,,93.9,
1994-04-15,,,,,90.8,,,,,,,93.7,
1994-04-22,,,,,90.5,,,,,,,94.2,
1994-04-29,,,,,90.3,,,,,,,94.7,
1994-05-06,,,,,90.6,,,,,,,94.0,
1994-05-13,,,,,90.8,,,,,,,93.5,
1994-05-20,,,,,89.9,,,,,,,95.7,
1994-05-27,,,,,89.6,,,,,,,96.4,
1994-06-03,,,,,90.0,,,,,,,97.1,
1994-06-10,,,,,89.9,,,,,,,96.9,
1994-06-17,,,,,90.0,,,,,,,97.0,
1994-06-24,,,,,88.4,,,,,,,93.2,
1994-07-01,,,,,89.1,,,,,,,94.2,
1994-07-08,,,,,88.8,,,,,,,95.0,
1994-07-15,,,,,88.4,,,,,,,96.0,
1994-07-22,,,,,88.4,,,,,,,95.9,
1994-07-29,,,,,87.8,,,,,,,97.1,
1994-08-05,,,,,87.7,,,,,,,96.8,
1994-08-12,,,,,88.3,,,,,,,98.0,
1994-08-19,,,,,88.3,,,,,,,98.2,
1994-08-26,,,,,89.6,,,,,,,100.8,
1994-09-02,,,,,88.4,,,,,,,100.0,
1994-09-09,,,,,87.5,,,,,,,99.4,
1994-09-16,,,,,88.4,,,,,,,100.0,
1994-09-23,,,,,85.1,,,,,,,97.7,
1994-09-30,,,,,85.8,,,,,,,98.2,
1994-10-07,,,,,83.4,,,,,,,96.7,
1994-10-14,,,,,88.6,,,,,,,100.1,
1994-10-21,,,,,87.0,,,,,,,99.1,
1994-10-28,,,,,90.1,,,,,,,101.4,
1994-11-04,,,,,86.4,,,,,,,98.6,
1994-11-11,,,,,86.6,,,,,,,98.7,
1994-11-18,,,,,86.7,,,,,,,98.9,
1994-11-25,,,,,83.9,,,,,,,96.7,
1994-12-02,,,,,84.3,,,,,,,96.9,
1994-12-09,,,,,83.9,,,,,,,95.8,
1994-12-16,,,,,84.8,,,,,,,98.1,
1994-12-23,,,,,85.0,,,,,,,98.8,
1994-12-30,,,,,84.6,,,,,,,97.7,
1995-01-06,,,,,85.0,,,,,,,98.7,
1995-01-13,,,,,85.5,,,,,,,100.2,
1995-01-20,,,,,85.4,,,,,,,99.8,
1995-01-27,,,,,85.7,,,,,,,101.0,
1995-02-03,,,,,88.3,,,,,,,103.0,
1995-02-10,,,,,89.2,,,,,,,103.7,
1995-02-17,,,,,89.5,,,,,,,103.9,
1995-02-24,,,,,91.0,,,,,,,105.1,
1995-03-03,,,,,90.2,,,,,,,104.6,
1995-03-10,,,,,91.9,,,,,,,105.7,
1995-03-17,,,,,94.0,,,,,,,106.9,
1995-03-24,,,,,96.4,,,,,,,108.3,
1995-03-31,,,,,95.9,,,,,,,108.0,
1995-04-07,,,,,98.2,,,,,,,109.3,
1995-04-14,,,,,99.6,,,,,,,110.1,
1995-04-21,,,,,98.9,,,,,,,109.7,
1995-04-28,,,,,101.6,,,,,,,111.2,
1995-05-05,,,,,103.9,,,,,,,112.5,
1995-05-12,,,,,106.2,,,,,,,113.7,
1995-05-19,,,,,103.5,,,,,,,112.3,
1995-05-26,,,,,105.4,,,,,,,113.3,
1995-06-02,,,,,108.8,,,,,,,115.5,
1995-06-09,,,,,107.1,,,,,,,114.4,
1995-06-16,,,,,111.4,,,,,,,117.0,
1995-06-23,,,,,115.2,,,,,,,119.3,
1995-06-30,,,,,113.0,,,,,,,118.0,
1995-07-07,,,,,117.3,,,,,,,120.9,
1995-07-14,,,,,118.2,,,,,,,121.6,
1995-07-21,,,,,116.1,,,,,,,120.2,
1995-07-28,,,,,119.0,,,,,,,122.1,
1995-08-04,,,,,118.0,,,,,,,121.4,
1995-08-11,,,,,117.0,,,,,,,120.7,
1995-08-18,,,,,118.6,,,,,,,121.8,
1995-08-25,,,,,119.0,,,,,,,122.1,
1995-09-01,,,,,120.4,,,,,,,122.9,
1995-09-08,,,,,123.6,,,,,,,124.8,
1995-09-15,,,,,128.0,,,,,,,127.4,
1995-09-22,,,,,127.6,,,,,,,127.1,
1995-09-29,,,,,128.3,,,,,,,127.5,
1995-10-06,,,,,128.0,,,,,,,127.3,
1995-10-13,,,,,128.9,,,,,,,127.8,
1995-10-20,,,,,129.8,,,,,,,128.3,
1995-10-27,,,,,127.1,,,,,,,126.9,
1995-11-03,,,,,131.6,,,,,,,129.2,
1995-11-10,,,,,133.0,,,,,,,129.8,
1995-11-17,,,,,135.9,,,,,,,131.2,
1995-11-24,,,,,136.5,,,,,,,131.5,
1995-12-01,,,,,139.3,,,,,,,133.0,
1995-12-08,,,,,144.4,,,,,,,135.5,
1995-12-15,,,,,144.6,,,,,,,135.6,
1995-12-22,,,,,141.8,,,,,,,134.3,
1995-12-29,,,,,143.0,,,,,,,134.9,
1996-01-05,,,,,143.4,,,,,,,135.1,
1996-01-12,,,,,138.4,,,,,,,132.1,
1996-01-19,,,,,142.1,,,,,,,134.4,
1996-01-26,,,,,145.7,,,,,,,136.5,
1996-02-02,,,,,150.3,,,,,,,139.6,
1996-02-09,,,,,157.6,,,,,,,144.4,
1996-02-16,,,,,154.6,,,,,,,142.5,
1996-02-23,,,,,157.9,,,,,,,144.7,
1996-03-01,,,,,154.3,,,,,,,142.4,
1996-03-08,,,,,150.3,,,,,,,139.3,
1996-03-15,,,,,152.9,,,,,,,141.3,
1996-03-22,,,,,155.9,,,,,,,143.6,
1996-03-29,,,,,154.5,,,,,,,142.5,
1996-04-05,,,,,156.6,,,,,,,144.4,
1996-04-12,,,,,152.1,,,,,,,140.4,
1996-04-19,,,,,154.2,,,,,,,142.2,
1996-04-26,,,,,156.4,,,,,,,144.2,
1996-05-03,,,,,153.6,,,,,,,141.7,
1996-05-10,,,,,156.3,,,,,,,144.1,
1996-05-17,,,,,160.8,,,,,,,148.1,
1996-05-24,,,,,163.3,,,,,,,150.2,
1996-05-31,,,,,159.9,,,,,,,147.4,
1996-06-07,,,,,161.9,,,,,,,149.0,
1996-06-14,,,,,160.1,,,,,,,147.5,
1996-06-21,,,,,160.7,,,,,,,148.0,
1996-06-28,,,,,161.9,,,,,,,148.7,
1996-07-05,,,,,156.8,,,,,,,145.3,
1996-07-12,,,,,153.4,,,,,,,143.0,
1996-07-19,,,,,151.3,,,,,,,141.7,
1996-07-26,,,,,150.4,,,,,,,141.2,
1996-08-02,,,,,152.8,,,,,,,147.5,
1996-08-09,,,,,152.5,,,,,,,146.7,
1996-08-16,,,,,153.0,,,,,,,148.1,
1996-08-23,,,,,153.0,,,,,,,148.1,
1996-08-30,,,,,151.8,,,,,,,144.7,
1996-09-06,,,,,152.3,,,,,,,146.1,
1996-09-13,,,,,154.4,,,,,,,151.9,
1996-09-20,,,,,154.7,,,,,,,152.8,
1996-09-27,,,,,154.8,,,,,,,152.9,
1996-10-04,,,,,158.5,,,,,,,156.6,
1996-10-11,,,,,158.4,,,,,,,156.6,
1996-10-18,,,,,160.5,,,,,,,158.6,
1996-10-25,,,,,158.4,,,,,,,156.6,
1996-11-01,,,,,159.3,,,,,,,157.2,
1996-11-08,,,,,168.1,,,,,,,163.5,
1996-11-15,,,,,170.0,,,,,,,164.8,
1996-11-22,,,,,173.5,,,,,,,167.4,
1996-11-29,,,,,176.5,,,,,,,169.3,
1996-12-06,,,,,170.5,,,,,,,165.5,
1996-12-13,,,,,167.0,,,,,,,163.2,
1996-12-20,,,,,173.5,,,,,,,167.5,
1996-12-27,,,,,176.7,,,,,,,169.8,
1997-01-03,,,,,174.4,,,,,,,168.0,
1997-01-10,,,,,177.4,,,,,,,170.3,
1997-01-17,,,,,181.6,,,,,,,173.6,
1997-01-24,,,,,179.2,,,,,,,171.7,
1997-01-31,,,,,183.4,,,,,,,175.4,
1997-02-07,,,,,185.5,,,,,,,177.3,
1997-02-14,,,,,190.5,,,,,,,181.7,
1997-02-21,,,,,188.5,,,,,,,179.8,
1997-02-28,,,,,185.8,,,,,,,177.1,
1997-03-07,,,,,189.8,,,,,,,180.9,
1997-03-14,,,,,187.1,,,,,,,178.3,
1997-03-21,,,,,184.9,,,,,,,176.2,
1997-03-28,,,,,183.8,,,,,,,173.0,
1997-04-04,,,,,183.9,,,,,,,170.4,
1997-04-11,,,,,182.9,,,,,,,164.8,
1997-04-18,,,,,184.5,,,,,,,172.0,
1997-04-25,,,,,183.8,,,,,,,171.9,
1997-05-02,,,,,187.5,,,,,,,182.9,
1997-05-09,,,,,187.7,,,,,,,185.6,
1997-05-16,,,,,187.0,,,,,,,186.9,
1997-05-23,,,,,188.6,,,,,,,190.4,
1997-05-30,,,,,189.4,,,,,,,191.3,
1997-06-06,,,,,189.6,,,,,,,194.0,
1997-06-13,,,,,192.1,,,,,,,201.5,
1997-06-20,,,,,192.4,,,,,,,202.0,
1997-06-27,,,,,190.9,,,,,,,200.5,
1997-07-04,,,,,193.6,,,,,,,207.6,
1997-07-11,,,,,192.7,,,,,,,207.0,
1997-07-18,,,,,192.7,,,,,,,205.9,
1997-07-25,,,,,195.0,,,,,,,212.0,
1997-08-01,,,,,194.8,,,,,,,214.1,
1997-08-08,,,,,193.8,,,,,,,210.6,
1997-08-15,,,,,190.0,,,,,,,202.5,
1997-08-22,,,,,191.9,,,,,,,208.7,
1997-08-29,,,,,190.5,,,,,,,203.8,
1997-09-05,,,,,192.6,,,,,,,210.0,
1997-09-12,,,,,192.8,,,,,,,208.9,
1997-09-19,,,,,195.5,,,,,,,215.1,
1997-09-26,,,,,194.8,,,,,,,213.8,
1997-10-03,,,,,196.7,,,,,,,218.7,
1997-10-10,,,,,196.9,,,,,,,219.2,
1997-10-17,,,,,194.7,,,,,,,213.4,
1997-10-24,,,,,195.3,,,,,,,212.7,
1997-10-31,,,,,195.7,,,,,,,208.4,
1997-11-07,,,,,201.1,,,,,,,210.3,
1997-11-14,,,,,201.2,,,,,,,210.6,
1997-11-21,,,,,202.5,,,,,,,219.0,
1997-11-28,,,,,202.3,,,,,,,216.4,
1997-12-05,,,,,205.0,,,,,,,223.9,
1997-12-12,,,,,203.9,,,,,,,216.7,
1997-12-19,,,,,204.6,,,,,,,215.4,
1997-12-26,,,,,204.4,,,,,,,213.1,
1998-01-02,,,,,204.7,,,,,,,221.7,
1998-01-09,,,,,205.2,,,,,,,209.8,
1998-01-16,,,,,201.2,,,,,,,218.8,
1998-01-23,,,,,199.2,,,,,,,218.0,
1998-01-30,,,,,201.2,,,,,,,223.4,
1998-02-06,,,,,202.5,,,,,,,230.9,
1998-02-13,,,,,203.8,,,,,,,231.8,
1998-02-20,,,,,207.1,,,,,,,235.5,
1998-02-27,,,,,205.4,,,,,,,238.9,
1998-03-06,,,,,206.1,,,,,,,240.7,
1998-03-13,,,,,208.7,,,,,,,243.3,
1998-03-20,,,,,212.5,,,,,,,250.4,
1998-03-27,,,,,211.3,,,,,,,249.8,
1998-04-03,,,,,215.5,,,,,,,256.6,
1998-04-10,,,,,212.8,,,,,,,253.4,
1998-04-17,,,,,214.5,,,,,,,255.9,
1998-04-24,,,,,212.7,,,,,,,252.5,
1998-05-01,,,,,213.8,,,,,,,256.6,
1998-05-08,,,,,213.9,,,,,,,253.2,
1998-05-15,,,,,214.1,,,,,,,253.0,
1998-05-22,,,,,214.0,,,,,,,253.5,
1998-05-29,,,,,212.3,,,,,,,248.5,
1998-06-05,,,,,217.0,,,,,,,255.2,
1998-06-12,,,,,218.5,,,,,,,251.7,
1998-06-19,,,,,212.4,,,,,,,251.6,
1998-06-26,,,,,220.1,,,,,,,259.9,
1998-07-03,,,,,218.1,,,,,,,262.5,
1998-07-10,,,,,220.0,,,,,,,266.2,
1998-07-17,,,,,219.3,,,,,,,271.0,
1998-07-24,,,,,217.9,,,,,,,260.8,
1998-07-31,,,,,216.9,,,,,,,255.5,
1998-08-07,,,,,216.3,,,,,,,249.5,
1998-08-14,,,,,215.8,,,,,,,242.6,
1998-08-21,,,,,216.9,,,,,,,248.2,
1998-08-28,,,,,216.6,,,,,,,236.3,
1998-09-04,,,,,209.1,,,,,,,223.5,
1998-09-11,,,,,211.5,,,,,,,232.5,
1998-09-18,,,,,212.9,,,,,,,234.2,
1998-09-25,,,,,215.7,,,,,,,239.2,
1998-10-02,,,,,217.5,,,,,,,231.1,
1998-10-09,,,,,212.9,,,,,,,226.0,
1998-10-16,,,,,210.8,,,,,,,243.2,
1998-10-23,,,,,209.0,,,,,,,245.1,
1998-10-30,,,,,208.5,,,,,,,252.3,
1998-11-06,,,,,208.4,,,,,,,261.8,
1998-11-13,,,,,208.2,,,,,,,259.7,
1998-11-20,,,,,208.3,,,,,,,267.5,
1998-11-27,,,,,207.9,,,,,,,274.1,
1998-12-04,,,,,207.4,,,,,,,271.6,
1998-12-11,,,,,207.0,,,,,,,268.7,
1998-12-18,,,,,207.8,,,,,,,272.8,
1998-12-25,,,,,208.6,,,,,,,282.4,
1999-01-01,,,,,210.3,,,,,,,283.8,
1999-01-08,,,,,212.8,,,,,,,294.0,
1999-01-15,,,,,210.7,,,,,,,286.3,
1999-01-22,,,,,209.8,,,,,,,282.1,
1999-01-29,,,,,213.7,,,,,,,293.8,
1999-02-05,,,,,211.1,,,,,,,285.6,
1999-02-12,,,,,210.9,,,,,,,284.5,
1999-02-19,,,,,210.5,,,,,,,286.0,
1999-02-26,,,,,210.7,,,,,,,284.4,
1999-03-05,,,,,212.7,,,,,,,293.6,
1999-03-12,,,,,211.9,,,,,,,297.8,
1999-03-19,,,,,211.0,,,,,,,299.2,
1999-03-26,,,,,210.8,,,,,,,296.6,
1999-04-02,,,,,213.2,,,,,,,298.4,
1999-04-09,,,,,217.5,,,,,,,311.2,
1999-04-16,,,,,217.2,,,,,,,303.5,
1999-04-23,,,,,218.8,,,,,,,313.4,
1999-04-30,,,,,216.2,,,,,,,307.4,
1999-05-07,,,,,218.6,,,,,,,311.5,
1999-05-14,,,,,215.3,,,,,,,308.7,
1999-05-21,,,,,211.7,,,,,,,307.7,
1999-05-28,,,,,210.9,,,,,,,300.4,
1999-06-04,,,,,213.8,,,,,,,307.4,
1999-06-11,,,,,217.3,,,,,,,299.5,
1999-06-18,,,,,219.8,,,,,,,310.8,
1999-06-25,,,,,217.2,,,,,,,304.8,
1999-07-02,,,,,225.6,,,,,,,322.6,
1999-07-09,,,,,225.0,,,,,,,325.2,
1999-07-16,,,,,229.4,,,,,,,328.2,
1999-07-23,,,,,222.8,,,,,,,314.2,
1999-07-30,,,,,225.7,,,,,,,307.2,
1999-08-06,,,,,221.8,,,,,,,301.7,
1999-08-13,,,,,224.5,,,,,,,308.2,
1999-08-20,,,,,230.2,,,,,,,309.9,
1999-08-27,,,,,225.3,,,,,,,312.6,
1999-09-03,,,,,227.5,,,,,,,314.7,
1999-09-10,,,,,228.5,,,,,,,314.4,
1999-09-17,,,,,227.8,,,,,,,310.4,
1999-09-24,,,,,219.5,,,,,,,296.5,
1999-10-01,,,,,222.5,,,,,,,298.1,
1999-10-08,,,,,221.1,,,,,,,310.7,
1999-10-15,,,,,222.6,,,,,,,289.8,
1999-10-22,,,,,222.4,,,,,,,301.9,
1999-10-29,,,,,223.0,,,,,,,317.9,
1999-11-05,,,,,223.1,,,,,,,320.0,
1999-11-12,,,,,223.2,,,,,,,324.3,
1999-11-19,,,,,223.7,,,,,,,330.7,
1999-11-26,,,,,226.2,,,,,,,328.2,
1999-12-03,,,,,226.9,,,,,,,333.8,
1999-12-10,,,,,224.8,,,,,,,329.3,
1999-12-17,,,,,225.0,,,,,,,332.0,
1999-12-24,,,,,229.8,,,,,,,340.8,
1999-12-31,,,,,233.3,,,,,,,341.7,
2000-01-07,,,,,225.8,,,,,,,339.1,
2000-01-14,,,,,228.7,,,,,,,341.9,
2000-01-21,,,,,224.6,,,,,,,336.0,
2000-01-28,,,,,219.8,,,,,,,316.1,
2000-02-04,,,,,228.7,,,,,,,331.7,
2000-02-11,,,,,223.4,,,,,,,322.7,
2000-02-18,,,,,219.2,,,,,,,314.8,
2000-02-25,,,,,217.1,,,,,,,310.2,
2000-03-03,,,,,216.5,,,,,,,328.3,
2000-03-10,,,,,216.1,,,,,,,326.0,
2000-03-17,,,,,215.1,,,,,,,342.7,
2000-03-24,,,,,213.9,,,,,,,358.2,
2000-03-31,,,,,213.1,,,,,,,350.7,
2000-04-07,,,,,212.5,,,,,,,353.2,
2000-04-14,,,,,202.7,,,,,,,317.2,
2000-04-21,,,,,206.6,,,,,,,335.4,
2000-04-28,,,,,207.2,,,,,,,338.4,
2000-05-05,,,,,207.0,,,,,,,334.8,
2000-05-12,,,,,205.5,,,,,,,333.1,
2000-05-19,,,,,203.6,,,,,,,329.2,
2000-05-26,,,,,202.6,,,,,,,321.9,
2000-06-02,,,,,204.0,,,,,,,344.8,
2000-06-09,,,,,204.0,,,,,,,341.9,
2000-06-16,,,,,204.5,,,,,,,342.7,
2000-06-23,,,,,203.7,,,,,,,337.5,
2000-06-30,,,,,203.4,,,,,,,339.6,
2000-07-07,,,,,203.3,,,,,,,346.2,
2000-07-14,,,,,203.6,,,,,,,353.6,
2000-07-21,,,,,204.4,,,,,,,345.3,
2000-07-28,,,,,202.7,,,,,,,332.2,
2000-08-04,,,,,203.5,,,,,,,342.2,
2000-08-11,,,,,203.7,,,,,,,344.6,
2000-08-18,,,,,204.8,,,,,,,349.9,
2000-08-25,,,,,205.0,,,,,,,353.6,
2000-09-01,,,,,205.9,,,,,,,356.5,
2000-09-08,,,,,204.4,,,,,,,350.2,
2000-09-15,,,,,202.9,,,,,,,342.2,
2000-09-22,,,,,202.6,,,,,,,340.5,
2000-09-29,,,,,202.0,,,,,,,336.6,
2000-10-06,,,,,201.1,,,,,,,330.6,
2000-10-13,,,,,200.6,,,,,,,322.4,
2000-10-20,,,,,201.9,,,,,,,327.9,
2000-10-27,,,,,202.5,,,,,,,326.4,
2000-11-03,,,,,200.4,,,,,,,334.6,
2000-11-10,,,,,204.5,,,,,,,320.2,
2000-11-17,,,,,205.4,,,,,,,320.2,
2000-11-24,,,,,207.8,,,,,,,316.0,
2000-12-01,,,,,209.0,,,,,,,309.9,
2000-12-08,,,,,208.3,,,,,,,314.0,
2000-12-15,,,,,211.1,,,,,,,307.9,
2000-12-22,,,,,212.1,,,,,,,307.8,
2000-12-29,,,,,212.5,,,,,,,308.4,
2001-01-05,,,,,213.8,,,,,,,303.7,
2001-01-12,,,,,212.7,,,,,,,310.3,
2001-01-19,,,,,209.0,,,,,,,315.1,
2001-01-26,,,,,209.2,,,,,,,319.4,
2001-02-02,,,,,210.1,,,,,,,316.9,
2001-02-09,,,,,213.1,,,,,,,309.9,
2001-02-16,,,,,214.3,,,,,,,306.6,
2001-02-23,,,,,216.5,,,,,,,293.8,
2001-03-02,,,,,221.0,,,,,,,290.6,
2001-03-09,,,,,221.3,,,,,,,290.0,
2001-03-16,,,,,227.5,,,,,,,271.1,
2001-03-23,,,,,222.8,,,,,,,269.9,
2001-03-30,,,,,223.7,,,,,,,275.1,
2001-04-06,,,,,225.0,,,,,,,267.1,
2001-04-13,,,,,220.0,,,,,,,280.2,
2001-04-20,,,,,214.8,,,,,,,293.5,
2001-04-27,,,,,214.7,,,,,,,296.5,
2001-05-04,,,,,212.1,,,,,,,300.2,
2001-05-11,,,,,214.5,,,,,,,295.0,
2001-05-18,,,,,212.6,,,,,,,305.8,
2001-05-25,,,,,211.9,,,,,,,302.0,
2001-06-01,,,,,213.2,,,,,,,298.7,
2001-06-08,,,,,212.8,,,,,,,299.4,
2001-06-15,,,,,215.5,,,,,,,288.0,
2001-06-22,,,,,215.0,,,,,,,290.4,
2001-06-29,,,,,215.2,,,,,,,289.8,
2001-07-06,,,,,217.2,,,,,,,281.4,
2001-07-13,,,,,216.3,,,,,,,289.0,
2001-07-20,,,,,217.2,,,,,,,286.8,
2001-07-27,,,,,215.7,,,,,,,285.6,
2001-08-03,,,,,214.1,,,,,,,288.3,
2001-08-10,,,,,217.4,,,,,,,282.0,
2001-08-17,,,,,220.1,,,,,,,276.0,
2001-08-24,,,,,216.7,,,,,,,281.4,
2001-08-31,,,,,222.6,,,,,,,269.8,
2001-09-07,,,,,231.5,,,,,,,257.0,
2001-09-14,,,,,231.2,,,,,,,260.2,
2001-09-21,,,,,251.1,,,,,,,230.8,
2001-09-28,,,,,241.7,,,,,,,247.8,
2001-10-05,,,,,237.1,,,,,,,254.4,
2001-10-12,,,,,232.8,,,,,,,259.8,
2001-10-19,,,,,234.6,,,,,,,254.7,
2001-10-26,,,,,230.3,,,,,,,261.8,
2001-11-02,,,,,232.3,,,,,,,259.2,
2001-11-09,,,,,230.2,,,,,,,267.5,
2001-11-16,,,,,227.8,,,,,,,271.4,
2001-11-23,,,,,226.2,,,,,,,274.5,
2001-11-30,,,,,227.1,,,,,,,270.6,
2001-12-07,,,,,225.2,,,,,,,276.6,
2001-12-14,,,,,228.2,,,,,,,268.4,
2001-12-21,,,,,227.2,,,,,,,273.7,
2001-12-28,,,,,225.9,,,,,,,276.2,
2002-01-04,,,,,225.0,,,,,,,280.1,
2002-01-11,,,,,227.1,,,,,,,273.7,
2002-01-18,,,,,226.5,,,,,,,269.4,
2002-01-25,,,,,228.2,,,,,,,270.4,
2002-02-01,,,,,229.6,,,,,,,268.2,
2002-02-08,,,,,229.7,,,,,,,262.1,
2002-02-15,,,,,228.8,,,,,,,264.0,
2002-02-22,,,,,229.0,,,,,,,261.1,
2002-03-01,,,,,225.9,,,,,,,270.8,
2002-03-08,,,,,222.4,,,,,,,278.6,
2002-03-15,,,,,223.3,,,,,,,278.5,
2002-03-22,,,,,225.8,,,,,,,274.7,
2002-03-29,,,,,226.0,,,,,,,273.5,
2002-04-05,,,,,227.1,,,,,,,269.1,
2002-04-12,,,,,229.3,,,,,,,266.0,
2002-04-19,,,,,228.7,,,,,,,269.5,
2002-04-26,,,,,228.6,,,,,,,256.4,
2002-05-03,,,,,231.0,,,,,,,256.9,
2002-05-10,,,,,229.6,,,,,,,252.4,
2002-05-17,,,,,227.2,,,,,,,264.8,
2002-05-24,,,,,227.2,,,,,,,259.5,
2002-05-31,,,,,227.5,,,,,,,256.0,
2002-06-07,,,,,229.8,,,,,,,246.8,
2002-06-14,,,,,230.3,,,,,,,242.1,
2002-06-21,,,,,232.0,,,,,,,237.9,
2002-06-28,,,,,232.4,,,,,,,237.1,
2002-07-05,,,,,232.6,,,,,,,238.0,
2002-07-12,,,,,239.4,,,,,,,220.1,
2002-07-19,,,,,245.4,,,,,,,203.0,
2002-07-26,,,,,245.3,,,,,,,205.1,
2002-08-02,,,,,244.6,,,,,,,208.0,100.0
2002-08-09,,,,,240.9,,,,,,,218.7,103.3
2002-08-16,,,,,238.4,,,,,,,223.4,104.4
2002-08-23,,,,,237.6,,,,,,,226.7,105.7
2002-08-30,,,,,240.0,,,,,,,219.9,104.1
2002-09-06,,,,,242.1,,,,,,,215.7,103.2
2002-09-13,,,,,243.2,,,,,,,214.9,103.3
2002-09-20,,,,,246.7,,,,,,,203.0,100.3
2002-09-27,,,,,247.9,,,,,,,199.2,99.5
2002-10-04,,,,,251.9,,,,,,,194.5,98.1
2002-10-11,,,,,249.5,,,,,,,202.6,100.4
2002-10-18,,,,,244.6,,,,,,,213.3,102.8
2002-10-25,,,,,243.3,,,,,,,217.1,104.0
2002-11-01,,,,,241.9,,,,,,,217.3,104.5
2002-11-08,,,,,242.3,,,,,,,215.8,104.5
2002-11-15,,,,,240.7,,,,,,,220.0,105.2
2002-11-22,,,,,238.9,,,,,,,224.9,106.2
2002-11-29,,,,,237.4,,,,,,,226.2,106.5
2002-12-06,,,,,239.3,,,,,,,221.5,105.6
2002-12-13,,,,,240.9,,,,,,,215.0,103.9
2002-12-20,,,,,240.6,,,,,,,217.7,105.1
2002-12-27,,,,,241.0,,,,,,,211.3,103.7
2003-01-03,,,,,239.0,,,,,,,221.0,106.0
2003-01-10,,,,,238.9,,,,,,,225.1,106.8
2003-01-17,,,,,239.0,,,,,,,219.3,105.6
2003-01-24,,,,,240.1,,,,,,,208.9,102.9
2003-01-31,,,,,240.9,,,,,,,208.2,102.6
2003-02-07,,,,,242.8,,,,,,,201.8,100.8
2003-02-14,,,,,240.9,,,,,,,203.5,101.4
2003-02-21,,,,,240.7,,,,,,,206.0,102.3
2003-02-28,,,,,242.2,,,,,,,205.4,102.7
2003-03-07,,,,,245.6,,,,,,,201.5,101.8
2003-03-14,,,,,245.6,,,,,,,203.5,102.1
2003-03-21,,,,,236.7,,,,,,,217.8,105.3
2003-03-28,,,,,240.3,,,,,,,210.6,103.9
2003-04-04,,,,,240.8,,,,,,,214.2,104.9
2003-04-11,,,,,242.0,,,,,,,211.6,104.1
2003-04-18,,,,,240.0,,,,,,,217.5,105.9
2003-04-25,,,,,240.8,,,,,,,219.1,106.7
2003-05-02,,,,,238.1,,,,,,,226.4,108.7
2003-05-09,,,,,237.4,,,,,,,227.6,109.9
2003-05-16,,,,,237.8,,,,,,,230.4,111.4
2003-05-23,,,,,237.3,,,,,,,227.7,110.9
2003-05-30,,,,,239.2,,,,,,,235.4,113.2
2003-06-06,,,,,238.8,,,,,,,241.1,114.9
2003-06-13,,,,,238.3,,,,,,,241.8,115.9
2003-06-20,,,,,237.8,,,,,,,242.4,115.3
2003-06-27,,,,,237.4,,,,,,,238.0,113.6
2003-07-04,,,,,238.4,,,,,,,240.7,114.3
2003-07-11,,,,,242.2,,,,,,,244.3,115.5
2003-07-18,,,,,239.8,,,,,,,242.5,113.9
2003-07-25,,,,,241.8,,,,,,,244.3,113.9
2003-08-01,,,,,240.4,100.0,,,,,,240.1,112.2
2003-08-08,,,,,238.8,100.8,,,,,,239.5,112.6
2003-08-15,,,,,241.8,100.0,,,,,,242.8,112.9
2003-08-22,,,,,243.4,100.2,,,,,,243.2,113.1
2003-08-29,,,,,244.9,100.5,,,,,,247.2,114.3
2003-09-05,,,,,247.3,101.5,,,,,,250.6,116.1
2003-09-12,,,,,247.8,102.1,,,,,,249.7,116.1
2003-09-19,,,,,250.6,102.5,,,,,,253.6,117.6
2003-09-26,,,,,245.3,103.4,,,,,,244.5,115.6
2003-10-03,,,,,249.4,102.7,,,,,,253.0,117.6
2003-10-10,,,,,251.2,102.7,,,,,,255.8,118.3
2003-10-17,,,,,250.3,102.0,,,,,,255.1,117.7
2003-10-24,,,,,249.2,102.9,,,,,,253.4,117.9
2003-10-31,,,,,251.4,102.5,,,,,,257.6,118.8
2003-11-07,,,,,251.1,101.7,,,,,,258.4,118.5
2003-11-14,,,,,252.5,103.2,,,,,,258.0,119.3
2003-11-21,,,,,251.4,103.6,,,,,,255.0,118.7
2003-11-28,,,,,253.2,102.6,,,,,,260.4,119.6
2003-12-05,,,,,254.4,103.5,,,,,,261.4,120.3
2003-12-12,,,,,255.6,103.5,,,,,,264.6,121.2
2003-12-19,,,,,257.7,105.2,,,,,,267.7,122.9
2003-12-26,,,,,259.3,105.2,,,,,,269.7,123.4
2004-01-02,,,,,260.9,104.1,,,,,,273.4,123.8
2004-01-09,,,,,265.6,106.0,,,,,,276.3,125.6
2004-01-16,,,,,267.9,106.4,,,,,,280.8,127.0
2004-01-23,,,,,268.1,106.2,,,,,,281.3,127.1
2004-01-30,,,,,265.2,105.8,,,,,,279.0,126.2
2004-02-06,,,,,266.7,106.3,,,,,,281.3,127.1
2004-02-13,,,,,268.7,107.0,,,,,,283.0,127.9
2004-02-20,,,,,267.3,106.6,,,,,,282.4,127.6
2004-02-27,,,,,269.5,107.4,,,,,,282.7,128.1
2004-03-05,,,,,273.3,108.3,,,,,,286.1,129.5
2004-03-12,,,,,269.7,108.8,,,,,,276.7,127.3
2004-03-19,,,,,269.3,108.9,,,,,,274.0,126.5
2004-03-26,,,,,270.6,108.5,,,,,,273.9,126.4
2004-04-02,,,,,271.9,106.8,,,,,,282.8,127.7
2004-04-09,,,,,270.7,106.7,,,,,,282.1,127.4
2004-04-16,,,,,266.8,105.7,,,,,,280.8,126.6
2004-04-23,,,,,266.2,104.9,,,,,,282.1,126.5
2004-04-30,,,,,260.2,104.6,,,,,,273.7,124.1
2004-05-07,,,,,258.7,102.8,,,,,,271.2,122.5
2004-05-14,,,,,257.2,103.0,,,,,,271.4,122.7
2004-05-21,,,,,258.4,103.3,,,,,,270.9,122.7
2004-05-28,,,,,260.1,104.3,,,,,,278.4,125.1
2004-06-04,,,,,259.9,103.3,,,,,,278.7,124.7
2004-06-11,,,,,260.7,103.1,,,,,,282.1,125.6
2004-06-18,,,,,260.0,103.7,,,,,,281.3,125.8
2004-06-25,,,,,260.7,104.3,,,,,,281.8,126.2
2004-07-02,,,,,259.7,105.7,,,,,,279.5,126.3
2004-07-09,,,,,258.5,105.7,,,,,,276.6,125.5
2004-07-16,,,,,257.1,106.5,,,,,,274.1,125.2
2004-07-23,,,,,256.0,105.9,,,,,,269.8,123.8
2004-07-30,,,,,257.3,105.8,,,,,,274.4,125.0
2004-08-06,,,,,257.5,107.6,,,,,,264.5,123.3
2004-08-13,,,,,257.5,107.7,,,,,,265.4,123.5
2004-08-20,,,,,258.1,107.8,,,,,,273.5,125.8
2004-08-27,,,,,258.4,108.0,,,,,,275.9,126.5
2004-09-03,,,,,256.6,107.7,,,,,,277.6,126.9
2004-09-10,,,,,257.6,108.5,,,,,,279.9,127.9
2004-09-17,,,,,258.3,108.9,,,,,,281.3,128.5
2004-09-24,,,,,259.6,109.5,,,,,,277.1,127.7
2004-10-01,,,,,257.6,108.6,,,,,,282.5,128.7
2004-10-08,,,,,258.8,109.2,,,,,,279.7,128.1
2004-10-15,,,,,259.5,109.7,,,,,,276.6,127.5
2004-10-22,,,,,260.6,110.3,,,,,,273.4,127.0
2004-10-29,,,,,259.8,110.1,,,,,,281.4,129.1
2004-11-05,,,,,263.6,109.1,,,,,,291.6,131.3
2004-11-12,,,,,266.2,109.1,,,,,,295.3,132.3
2004-11-19,,,,,265.8,109.1,,,,,,292.8,131.7
2004-11-26,,,,,268.1,108.9,,,,,,295.1,132.2
2004-12-03,,,,,270.0,109.0,,,,,,297.3,132.8
2004-12-10,,,,,268.1,109.8,,,,,,297.5,133.3
2004-12-17,,,,,270.3,109.6,,,,,,299.2,133.6
2004-12-24,,,,,273.7,109.6,,,,,,302.6,134.5
2004-12-31,,,,,275.7,109.6,,,,,,302.8,134.5
2005-01-07,,,,,268.6,109.3,,,,,,296.7,132.7
2005-01-14,,,,,272.0,110.0,,,,,,296.2,133.0
2005-01-21,,,,,269.6,110.4,,,,,,292.6,132.2
2005-01-28,,,,,271.4,110.4,,,,,,294.2,132.6
2005-02-04,,,,,276.1,110.8,,,,,,301.2,134.7
2005-02-11,,,,,277.5,111.0,,,,,,302.6,135.1
2005-02-18,,,,,275.7,110.1,,,,,,301.6,134.2
2005-02-25,,,,,277.8,110.0,,,,,,304.2,135.0
2005-03-04,,,,,279.2,109.9,,,,,,307.5,135.7
2005-03-11,,,,,274.9,108.7,,,,,,301.6,133.3
2005-03-18,,,,,272.8,108.8,,,,,,298.1,132.6
2005-03-25,,,,,268.7,108.3,,,,,,294.6,131.4
2005-04-01,,,,,269.8,109.3,,,,,,295.3,132.1
2005-04-08,,,,,270.2,109.1,,,,,,296.8,132.5
2005-04-15,,,,,267.8,110.6,,,,,,287.1,130.9
2005-04-22,,,,,269.1,110.7,,,,,,290.7,131.9
2005-04-29,,,,,269.1,111.1,,,,,,291.1,132.3
2005-05-06,,,,,269.1,110.8,,,,,,294.5,133.1
2005-05-13,,,,,268.8,111.4,,,,,,291.0,132.6
2005-05-20,,,,,270.2,111.6,,,,,,299.6,135.0
2005-05-27,,,,,271.2,112.0,,,,,,302.4,136.0
2005-06-03,,,,,272.5,112.8,,,,,,302.2,136.3
2005-06-10,,,,,271.5,112.3,,,,,,302.3,136.1
2005-06-17,,,,,271.3,112.1,,,,,,306.5,137.1
2005-06-24,,,,,273.3,113.3,,,,,,300.5,136.1
2005-07-01,,,,,272.0,112.6,,,,,,301.8,136.0
2005-07-08,,,,,271.8,112.3,,,,,,306.4,137.0
2005-07-15,,,,,271.4,111.7,,,,,,310.2,137.8
2005-07-22,,,,,271.8,111.7,,,,,,312.0,138.2
2005-07-29,,,,,271.5,111.4,,,,,,312.5,138.1
2005-08-05,,,,,268.9,110.9,,,,,,310.3,137.1
2005-08-12,,,,,272.3,111.8,,,,,,310.8,137.7
2005-08-19,,,,,270.5,112.1,,,,,,309.3,137.6
2005-08-26,,,,,269.9,112.4,,,,,,304.9,136.5
2005-09-02,,,,,275.6,113.9,,,,,,308.8,138.3
2005-09-09,,,,,278.3,113.3,,,,,,314.6,139.5
2005-09-16,,,,,276.5,112.4,,,,,,313.2,138.6
2005-09-23,,,,,274.5,112.6,,,,,,308.0,137.3
2005-09-30,,,,,278.6,112.3,,,,,,312.0,138.1
2005-10-07,,,,,272.4,111.8,,,,,,303.3,135.7
2005-10-14,,,,,270.0,111.0,,,,,,300.9,134.7
2005-10-21,,,,,269.3,111.7,,,,,,299.6,134.7
2005-10-28,,,,,270.2,110.8,,,,,,303.8,135.2
2005-11-04,,,,,272.6,110.2,,,,,,309.7,136.5
2005-11-11,,,,,272.7,111.2,,,,,,313.9,138.0
2005-11-18,,,,,273.4,111.6,,,,,,317.3,139.2
2005-11-25,,,,,273.5,112.2,,,,,,322.4,140.8
2005-12-02,,,,,275.8,111.8,,,,,,321.7,140.3
2005-12-09,,,,,277.0,112.1,,,,,,320.4,140.0
2005-12-16,,,,,276.5,112.6,,,,,,322.1,140.8
2005-12-23,,,,,277.6,113.0,,,,,,323.2,141.3
2005-12-30,,,,,275.8,113.3,,,,,,317.4,140.0
2006-01-06,,,,,283.8,114.1,,,,,,327.4,142.7
2006-01-13,,,,,284.6,114.6,,,,,,328.1,143.0
2006-01-20,,,,,280.7,114.7,,,,,,321.2,141.2
2006-01-27,,,,,286.3,114.0,,,,,,327.7,142.4
2006-02-03,,,,,283.8,114.1,,,,,,321.9,140.8
2006-02-10,,,,,281.9,113.4,,,,,,322.9,140.8
2006-02-17,,,,,284.9,114.3,,,,,,328.4,142.4
2006-02-24,,,,,286.4,114.3,,,,,,329.9,142.7
2006-03-03,,,,,285.4,113.7,,,,,,328.3,142.0
2006-03-10,,,,,283.8,113.3,,,,,,327.8,141.7
2006-03-17,,,,,289.4,114.6,,,,,,334.3,143.8
2006-03-24,,,,,288.8,114.4,,,,,,333.3,143.5
2006-03-31,,,,,289.8,113.5,,,,,,332.3,142.7
2006-04-07,,,,,290.2,112.7,,,,,,331.6,142.2
2006-04-14,,,,,289.2,112.2,,,,,,329.4,141.4
2006-04-21,,,,,294.8,113.3,,,,,,335.7,143.3
2006-04-28,,,,,295.6,113.4,,,,,,336.5,143.4
2006-05-05,,,,,299.8,113.3,,,,,,339.2,143.9
2006-05-12,,,,,295.6,113.0,,,,,,330.8,141.5
2006-05-19,,,,,288.0,113.5,,,,,,325.3,140.6
2006-05-26,,,,,288.6,113.8,,,,,,328.6,141.6
2006-06-02,,,,,288.3,114.4,,,,,,330.2,142.3
2006-06-09,,,,,282.5,114.3,,,,,,320.8,140.0
2006-06-16,,,,,283.6,113.2,,,,,,320.5,139.4
2006-06-23,,,,,284.9,112.5,,,,,,319.9,138.9
2006-06-30,,,,,287.9,113.8,,,,,,327.2,141.2
2006-07-07,,,,,287.7,114.1,,,,,,325.5,140.9
2006-07-14,,,,,285.9,114.8,,,,,,317.6,139.1
2006-07-21,,,,,285.1,115.0,,,,,,318.7,139.6
2006-07-28,,,,,287.2,115.9,,,,,,329.0,142.5
2006-08-04,,,,,286.9,116.8,,,,,,329.6,143.1
2006-08-11,,,,,286.4,116.2,,,,,,326.5,142.1
2006-08-18,,,,,286.1,117.3,,,,,,336.0,145.1
2006-08-25,,,,,286.7,117.7,,,,,,333.7,144.7
2006-09-01,,,,,287.2,118.3,,,,,,337.9,146.0
2006-09-08,,,,,286.0,118.1,,,,,,334.9,145.1
2006-09-15,,,,,286.6,118.1,,,,,,340.7,146.6
2006-09-22,,,,,288.0,119.2,,,,,,339.5,147.1
2006-09-29,,,,,288.6,119.2,,,,,,344.9,148.5
2006-10-06,,,,,289.0,119.1,,,,,,348.6,149.3
2006-10-13,,,,,289.5,118.8,,,,,,352.8,149.9
2006-10-20,,,,,290.4,119.1,,,,,,353.3,150.1
2006-10-27,,,,,293.2,120.2,,,,,,356.1,151.4
2006-11-03,,,,,290.9,120.0,,,,,,352.6,150.4
2006-11-10,,,,,295.8,120.9,,,,,,357.0,152.0
2006-11-17,,,,,297.9,121.0,,,,,,362.6,153.4
2006-11-24,,,,,301.1,122.4,,,,,,362.4,153.7
2006-12-01,,,,,303.2,123.3,,,,,,362.1,154.2
2006-12-08,,,,,303.1,122.5,,,,,,365.2,154.5
2006-12-15,,,,,303.8,122.1,,,,,,369.6,155.5
2006-12-22,,,,,301.3,122.0,,,,,,365.5,154.4
2006-12-29,,,,,302.9,122.0,,,,,,367.7,154.7
2007-01-05,100.0,100.0,100.0,100.0,299.6,121.9,,,,,,364.9,154.2
2007-01-12,100.3,100.3,100.3,100.1,303.2,121.9,,,,,,371.9,155.6
2007-01-19,100.9,100.9,100.9,100.4,304.0,122.4,,,,,,370.8,155.3
2007-01-26,100.9,100.9,100.9,100.4,303.1,122.4,,,,,,369.1,154.5
2007-02-02,102.0,102.1,102.1,100.9,308.3,123.2,,,,,,376.0,156.5
2007-02-09,102.7,102.8,102.8,101.3,308.8,123.7,,,,,,373.8,156.2
2007-02-16,103.8,103.9,103.9,101.9,314.0,124.5,,,,,,378.4,157.7
2007-02-23,104.2,104.3,104.3,102.0,315.1,124.8,,,,,,377.3,157.6
2007-03-02,104.2,104.2,104.2,101.8,303.6,125.1,,,,,,360.1,154.0
2007-03-09,103.6,103.7,103.7,101.5,301.2,124.7,,,,,,365.5,155.2
2007-03-16,103.9,104.0,104.0,101.6,301.3,125.0,,,,,,361.1,154.3
2007-03-23,104.1,104.2,104.2,101.8,303.8,125.1,,,,,,373.8,157.4
2007-03-30,104.1,104.2,104.2,101.7,303.0,125.1,,,,,,370.2,156.3
2007-04-06,104.3,104.4,104.4,101.9,304.8,125.2,,,,,,376.0,157.7
2007-04-13,103.9,104.0,104.0,101.7,305.5,124.8,,,,,,378.8,158.2
2007-04-20,105.1,105.3,105.3,102.3,309.0,125.8,,,,,,387.4,160.7
2007-04-27,105.2,105.4,105.4,102.3,309.4,125.8,,,,,,389.8,161.4
2007-05-04,105.7,105.8,105.8,102.5,310.7,126.1,,,,,,393.4,162.6
2007-05-11,105.3,105.5,105.5,102.4,309.7,125.9,,,,,,393.3,162.4
2007-05-18,103.8,103.9,103.9,101.6,308.4,124.7,,,,,,397.9,163.0
2007-05-25,103.6,103.8,103.8,101.6,307.5,124.6,,,,,,395.4,162.2
2007-06-01,103.8,103.9,103.9,101.7,308.8,124.7,,,,,,401.7,163.4
2007-06-08,102.1,101.9,101.9,100.6,304.3,123.0,,,,,,393.7,160.8
2007-06-15,102.8,102.7,102.7,101.0,307.8,123.0,,,,,,400.8,162.4
2007-06-22,102.4,102.2,102.2,100.8,305.1,123.2,,,,,,394.2,161.0
2007-06-29,102.9,102.7,102.7,101.0,304.5,124.0,,,,,,393.8,161.5
2007-07-06,103.2,102.9,102.9,101.1,308.7,123.3,,,,,,400.5,162.5
2007-07-13,104.1,104.1,104.1,101.6,311.6,124.0,,,,,,405.4,164.1
2007-07-20,104.3,104.3,104.3,101.9,310.5,125.2,,,,,,401.9,163.9
2007-07-27,102.9,102.9,102.9,101.4,303.2,125.5,,,,,,379.9,159.4
2007-08-03,104.1,104.1,104.1,102.0,304.7,126.5,,,,,,376.5,158.9
2007-08-10,103.2,103.2,103.2,101.6,302.7,125.8,,,,,,378.9,159.1
2007-08-17,104.0,104.0,104.3,102.1,302.5,126.9,,,,,,378.9,159.9
2007-08-24,104.7,104.7,105.5,102.7,305.3,127.7,,,,,,388.3,162.6
2007-08-31,105.8,105.8,106.7,103.3,306.6,128.8,,,,,,386.4,162.7
2007-09-07,107.9,108.0,108.8,104.3,308.6,130.8,,,,,,382.4,162.6
2007-09-14,107.7,107.8,108.6,104.2,309.4,130.5,,,,,,389.8,164.0
2007-09-21,107.6,107.6,108.4,104.1,309.9,130.3,,,,,,399.8,165.8
2007-09-28,108.8,108.8,109.6,104.7,311.5,131.3,,,,,,401.4,166.6
2007-10-05,109.0,109.1,110.0,104.9,313.0,131.5,,,,,,410.0,168.4
2007-10-12,108.7,108.8,109.7,104.7,314.3,131.1,,,,,,411.2,168.6
2007-10-19,111.5,111.7,112.6,106.1,316.9,133.6,,,,,,393.7,165.8
2007-10-26,112.6,112.9,113.8,106.6,321.3,134.2,,,,,,404.1,168.3
2007-11-02,113.6,113.9,114.8,107.1,323.4,135.1,,,,,,397.7,167.2
2007-11-09,114.6,115.0,116.0,107.7,322.3,136.3,,,,,,381.8,163.7
2007-11-16,114.1,114.4,115.4,107.4,320.5,136.1,,,,,,383.5,164.4
2007-11-23,115.2,115.6,117.8,108.5,323.8,137.9,,,,,,379.1,163.9
2007-11-30,115.3,115.8,118.2,108.7,323.5,138.2,,,,,,391.1,167.6
2007-12-07,113.7,114.1,116.2,107.8,322.2,136.7,,,,,,397.0,168.4
2007-12-14,111.9,112.2,114.3,106.9,319.6,135.3,,,,,,387.1,165.4
2007-12-21,112.8,113.1,116.4,107.9,321.9,136.9,,,,,,391.7,167.1
2007-12-28,114.2,114.5,117.8,108.6,326.0,138.0,,,,,,389.5,167.0
2008-01-04,116.8,117.3,120.6,110.0,330.6,140.4,,,,,,373.7,164.0
2008-01-11,118.0,118.5,121.9,110.6,331.8,141.3,,,,,,370.6,163.6
2008-01-18,119.3,119.9,123.2,111.2,333.7,142.4,,,,,,349.2,158.6
2008-01-25,121.1,121.8,125.4,112.2,334.6,144.2,,,,,,351.8,159.8
2008-02-01,121.2,121.8,125.6,112.3,333.1,144.8,,,,,,369.1,164.5
2008-02-08,121.1,121.7,125.2,112.2,335.9,144.0,,,,,,351.9,159.7
2008-02-15,120.7,121.3,124.4,111.6,334.4,142.7,,,,,,357.4,160.7
2008-02-22,120.9,121.5,125.0,112.0,336.4,143.1,,,,,,358.6,161.0
2008-02-29,122.9,123.4,127.0,113.5,341.3,146.3,,,,,,353.9,161.1
2008-03-07,123.1,123.4,127.0,113.7,343.4,145.7,,,,,,343.0,158.2
2008-03-14,123.5,123.7,127.8,114.6,346.9,147.0,,,,,,342.8,159.0
2008-03-21,122.7,123.1,126.7,113.3,339.0,147.0,,,,,,351.0,161.9
2008-03-28,122.9,123.3,127.1,113.5,341.7,146.5,,,,,,349.5,160.8
2008-04-04,122.9,123.3,127.1,113.3,339.4,146.9,,,,,,363.8,164.6
2008-04-11,123.0,123.5,127.4,113.6,341.7,147.1,,,,,,354.5,162.0
2008-04-18,122.5,123.0,126.4,112.5,338.3,144.9,,,,,,368.0,164.6
2008-04-25,122.0,122.2,125.7,111.7,335.8,143.6,,,,,,371.0,164.8
2008-05-02,121.9,122.0,125.5,111.5,334.0,143.6,,,,,,376.1,166.1
2008-05-09,122.6,122.8,126.3,112.1,336.3,144.6,,,,,,369.1,164.9
2008-05-16,122.4,122.7,126.1,112.0,336.1,144.5,,,,,,379.1,167.1
2008-05-23,122.8,123.0,126.5,112.1,337.5,144.2,,,,,,365.8,163.6
2008-05-30,121.8,122.0,125.5,111.3,335.1,142.4,,,,,,373.0,164.7
2008-06-06,122.4,122.6,126.1,111.8,337.0,143.1,,,,,,362.2,162.5
2008-06-13,121.5,121.8,125.3,110.8,335.6,140.2,,,,,,361.8,161.0
2008-06-20,121.7,122.2,125.7,111.2,336.9,140.8,,,,,,351.4,158.7
2008-06-27,122.4,122.9,126.4,111.7,338.7,142.0,,,,,,340.6,156.7
2008-07-04,122.3,122.9,126.4,111.7,338.6,142.1,,,,,,337.4,155.9
2008-07-11,122.6,123.1,126.6,112.0,340.7,142.1,,,,,,330.8,154.2
2008-07-18,121.5,122.2,125.6,110.9,335.8,141.2,,,,,,336.5,155.3
2008-07-25,120.8,121.5,125.1,110.4,332.9,141.3,,,,,,335.1,155.0
2008-08-01,120.6,121.3,125.3,110.8,333.2,142.7,,,,,,337.0,156.3
2008-08-08,120.1,120.6,124.0,110.2,329.3,142.6,,,,,,345.5,159.0
2008-08-15,120.0,120.3,123.4,110.1,327.2,142.7,,,,,,347.7,160.0
2008-08-22,120.1,120.4,123.6,110.1,328.7,142.5,,,,,,346.3,159.5
2008-08-29,120.1,120.5,124.1,110.5,328.6,143.4,,,,,,344.0,159.3
2008-09-05,120.8,121.2,124.8,110.9,331.1,144.1,,,,,,332.3,156.7
2008-09-12,120.5,120.9,124.1,110.5,330.4,143.3,,,,,,336.8,157.7
2008-09-19,119.6,119.9,122.3,108.6,329.2,141.3,,,,,,333.4,156.7
2008-09-26,119.4,119.8,122.0,108.3,331.7,139.3,,,,,,324.6,154.1
2008-10-03,120.4,120.7,123.7,109.2,340.5,140.2,,,,,,296.4,147.1
2008-10-10,120.5,120.5,123.4,110.9,351.8,134.0,,,,,,237.7,127.6
2008-10-17,120.3,120.4,123.1,110.3,349.4,133.5,,,,,,250.4,132.4
2008-10-24,120.9,120.8,123.9,111.9,356.8,133.5,,,,,,233.8,128.0
2008-10-31,120.3,120.3,123.1,110.1,349.1,132.5,,,,,,260.1,135.9
2008-11-07,120.5,120.6,123.5,110.5,350.2,134.4,,,,,,252.1,134.1
2008-11-14,120.8,120.7,123.8,111.2,353.7,134.6,,,,,,232.7,128.7
2008-11-21,121.2,121.1,124.6,112.9,360.5,136.1,,,,,,213.6,124.2
2008-11-28,121.3,121.4,125.1,112.2,356.2,138.8,,,,,,242.0,134.8
2008-12-05,121.7,121.8,125.8,113.4,360.7,141.3,,,,,,236.2,133.9
2008-12-12,121.8,122.0,126.4,113.1,357.0,143.3,,,,,,239.1,135.6
2008-12-19,122.6,123.1,128.5,114.3,356.5,147.9,,,,,,238.8,137.1
2008-12-26,122.7,123.3,128.8,114.5,355.8,148.7,,,,,,236.0,136.2
2009-01-02,122.1,122.8,127.8,113.3,352.1,146.6,,,,,,251.7,140.4
2009-01-09,122.2,122.9,128.1,113.6,353.3,147.1,,,,,,241.3,137.2
2009-01-16,122.3,122.9,128.2,113.8,355.5,147.0,,,,,,230.4,133.6
2009-01-23,122.1,122.7,127.7,113.3,355.8,145.1,,,,,,225.1,131.0
2009-01-30,121.9,122.5,127.4,113.0,355.3,144.5,,,,,,224.3,129.9
2009-02-06,121.7,122.3,127.0,112.3,352.3,143.8,,,,,,235.6,133.3
2009-02-13,121.8,122.4,127.2,112.8,354.9,144.1,,,,,,224.1,130.0
2009-02-20,122.0,122.5,127.4,113.5,357.9,144.2,,,,,,209.7,125.3
2009-02-27,121.6,122.2,126.6,113.1,357.7,140.9,,,,,,200.2,121.2
2009-03-06,121.7,122.2,126.7,113.5,359.7,140.3,,,,,,186.6,116.8
2009-03-13,121.6,122.2,126.6,112.8,356.0,141.9,,,,,,206.1,124.1
2009-03-20,121.5,122.2,126.6,112.1,353.0,143.7,,,,,,209.2,126.4
2009-03-27,121.4,122.1,126.5,111.8,351.0,144.0,,,,,,222.6,130.8
2009-04-03,121.3,122.0,126.3,111.4,347.9,143.9,,,,,,229.8,132.9
2009-04-10,121.3,122.0,126.4,111.6,347.6,144.5,,,,,,234.0,134.4
2009-04-17,121.6,122.2,126.8,111.9,347.0,145.2,,,,,,237.5,135.6
2009-04-24,121.7,122.3,127.0,112.1,346.8,145.8,,,,,,236.4,135.1
2009-05-01,121.1,121.8,126.0,111.5,344.9,144.7,,,,,,239.7,135.6
2009-05-08,121.4,122.0,126.4,111.8,343.5,145.4,,,,,,253.6,140.0
2009-05-15,121.7,122.3,126.9,112.1,343.5,146.0,,,,,,242.0,136.7
2009-05-22,121.5,122.1,126.6,112.0,344.1,145.7,,,,,,242.8,135.9
2009-05-29,122.1,122.6,127.4,112.6,344.3,146.7,,,,,,252.4,139.0
2009-06-05,119.6,120.5,125.4,111.5,343.5,144.8,,,,,,257.9,139.2
2009-06-12,120.0,120.8,125.8,111.7,343.8,145.2,,,,,,259.3,140.0
2009-06-19,119.5,120.4,125.3,111.5,342.9,145.0,,,,,,252.5,137.8
2009-06-26,121.0,121.7,126.6,112.2,343.5,146.8,,,,,,251.9,138.6
2009-07-03,120.9,121.6,126.5,112.2,342.8,146.8,,,,,,246.3,136.9
2009-07-10,121.3,121.9,126.8,112.3,342.2,147.3,,,,,,241.3,136.1
2009-07-17,120.8,121.6,126.5,112.2,344.0,146.6,,,,,,258.2,140.5
2009-07-24,122.1,122.9,127.8,112.9,345.6,148.1,,,,,,269.0,144.1
2009-07-31,124.0,124.4,129.3,113.8,346.5,150.2,,,,,,271.0,145.4
2009-08-07,122.5,123.4,128.4,113.2,346.4,148.8,,,,,,277.6,146.0
2009-08-14,123.5,123.9,128.9,113.5,346.1,149.9,,,,,,276.5,146.9
2009-08-21,124.5,124.8,129.7,113.9,347.1,150.6,,,,,,282.4,148.8
2009-08-28,126.2,126.1,131.0,114.7,347.7,152.0,,,,,,283.6,149.8
2009-09-04,126.8,126.6,131.5,114.9,347.9,152.4,,,,,,279.9,148.7
2009-09-11,129.4,128.7,133.6,116.0,350.7,154.3,,,,,,287.4,151.6
2009-09-18,129.5,128.8,133.7,116.0,351.0,154.3,,,,,,294.1,153.2
2009-09-25,130.0,129.2,134.1,116.3,351.1,154.8,,,,,,287.9,151.9
2009-10-02,130.0,129.0,133.9,116.3,349.7,155.0,,,,,,282.5,150.8
2009-10-09,131.0,130.2,135.1,116.7,353.8,155.2,,,,,,295.6,154.3
2009-10-16,131.5,130.6,135.5,116.9,354.6,155.5,,,,,,300.1,155.7
2009-10-23,131.4,130.7,135.5,116.8,354.8,155.4,,,,,,297.9,154.6
2009-10-30,131.5,130.5,135.3,116.8,351.9,155.9,,,,,,285.4,151.3
2009-11-06,132.8,131.9,136.8,117.5,355.7,156.7,,,,,,295.3,154.1
2009-11-13,134.4,133.5,138.3,118.2,359.4,157.8,,,,,,302.1,156.6
2009-11-20,135.8,134.5,139.3,118.7,360.2,159.0,,,,,,301.6,156.8
2009-11-27,137.2,135.7,140.5,119.3,361.8,160.1,,,,,,302.0,157.7
2009-12-04,135.5,134.3,139.2,118.7,361.5,158.8,,,,,,305.9,157.8
2009-12-11,134.2,133.0,137.8,118.2,358.7,158.0,,,,,,306.2,157.6
2009-12-18,135.0,133.7,138.6,118.5,358.2,158.7,,,,,,305.4,157.4
2009-12-25,133.0,131.9,136.8,117.7,359.3,157.1,,,,,,311.7,158.2
2010-01-01,132.3,131.2,136.0,117.4,357.8,156.7,,,,,,308.8,157.1
2010-01-08,134.8,133.8,138.6,118.6,364.0,158.3,,,,,,317.5,160.0
2010-01-15,135.4,134.1,139.0,118.7,361.0,159.1,,,,,,314.9,160.0
2010-01-22,134.1,132.8,137.6,118.1,353.7,158.5,,,,,,302.6,156.6
2010-01-29,133.7,132.4,137.2,117.9,348.6,158.4,,,,,,297.6,155.1
2010-02-05,133.5,132.1,136.9,117.8,346.9,158.3,,,,,,295.5,154.8
2010-02-12,131.8,130.4,135.3,117.1,348.8,157.0,,,,,,299.4,155.6
2010-02-19,133.2,131.9,136.8,117.8,354.0,157.9,,,,,,308.0,157.8
2010-02-26,135.2,133.9,138.7,118.5,353.5,159.4,,,,,,306.8,158.3
2010-03-05,136.1,134.8,139.6,118.9,358.4,159.7,,,,,,316.6,161.1
2010-03-12,136.5,135.2,140.0,119.0,359.6,160.0,,,,,,319.9,162.1
2010-03-19,137.0,135.7,140.5,119.2,360.0,160.4,,,,,,322.7,163.0
2010-03-26,136.0,134.7,139.5,118.8,360.9,159.5,,,,,,324.4,162.9
2010-04-02,136.4,135.2,140.0,119.1,362.3,159.8,,,,,,327.7,163.9
2010-04-09,137.1,135.9,140.8,119.4,364.3,160.4,,,,,,332.6,165.3
2010-04-16,137.7,136.5,141.3,119.6,362.8,161.2,,,,,,332.1,165.8
2010-04-23,138.7,137.5,142.2,120.1,365.7,161.8,,,,,,338.9,167.6
2010-04-30,140.4,139.2,143.9,120.8,363.2,163.5,,,,,,330.6,166.0
2010-05-07,139.4,138.2,142.9,120.4,354.5,163.3,,,,,,309.6,160.7
2010-05-14,141.3,140.1,144.8,121.2,359.3,164.5,,,,,,316.9,163.0
2010-05-21,140.1,138.9,144.1,120.8,351.8,164.3,,,,,,303.6,160.0
2010-05-28,140.3,139.1,144.1,120.9,355.2,164.2,,,,,,304.3,160.0
2010-06-04,141.0,139.8,144.9,121.2,357.5,164.7,,,,,,297.2,158.4
2010-06-11,141.2,140.0,145.5,121.4,356.5,165.1,,,,,,305.2,160.8
2010-06-18,142.8,141.6,147.1,122.0,356.0,166.3,,,,,,312.3,163.2
2010-06-25,143.4,142.3,148.3,122.5,355.6,167.1,,,,,,301.5,160.4
2010-07-02,143.2,142.1,147.9,122.3,355.0,166.8,,,,,,285.7,156.0
2010-07-09,143.3,142.1,148.0,122.3,352.3,167.0,,,,,,301.8,160.9
2010-07-16,143.8,142.6,149.1,122.8,352.6,167.8,,,,,,298.2,160.5
2010-07-23,144.0,142.8,149.7,122.9,351.2,168.2,,,,,,308.7,163.7
2010-07-30,144.5,143.3,151.0,123.4,350.8,169.1,,,,,,308.3,164.1
2010-08-06,146.0,144.8,152.5,124.0,350.7,170.1,,,,,,314.2,166.6
2010-08-13,146.3,145.1,153.0,124.1,351.2,170.4,,,,,,302.8,163.7
2010-08-20,147.1,145.8,154.7,124.8,352.8,171.5,,,,,,300.6,163.2
2010-08-27,146.8,145.6,154.5,124.7,352.9,171.3,,,,,,298.7,162.5
2010-09-03,147.3,146.0,154.9,124.9,354.5,171.5,,,,,,310.0,165.8
2010-09-10,146.9,145.7,154.5,124.7,354.2,171.3,,,,,,311.6,166.0
2010-09-17,148.2,147.0,155.9,125.2,355.8,172.2,,,,,,316.1,167.8
2010-09-24,149.9,148.7,157.6,125.9,357.8,173.2,,,,,,322.7,170.6
2010-10-01,151.4,150.2,159.1,126.4,358.6,174.1,,,,,,322.1,170.9
2010-10-08,154.1,152.9,161.8,127.4,364.4,175.7,,,,,,327.5,173.5
2010-10-15,153.2,152.0,160.9,127.1,365.2,175.1,,,,,,330.8,173.7
2010-10-22,153.6,152.4,161.3,127.3,365.0,175.4,,,,,,332.6,174.4
2010-10-29,154.1,152.9,161.8,127.5,366.8,175.7,,,,,,333.0,174.4
2010-11-05,156.0,154.9,163.8,128.2,373.0,176.8,,,,,,344.9,178.7
2010-11-12,151.8,150.5,159.4,126.6,364.9,174.2,,,,,,337.8,175.5
2010-11-19,151.1,149.9,158.8,126.4,364.1,173.8,,,,,,338.1,175.0
2010-11-26,150.7,149.4,158.3,126.2,361.1,173.7,,,,,,333.9,173.8
2010-12-03,151.3,150.1,159.0,126.5,366.8,173.9,,,,,,345.4,176.6
2010-12-10,148.5,147.2,156.0,125.3,365.0,171.8,,,,,,349.8,176.1
2010-12-17,149.0,147.7,156.6,125.6,366.1,172.2,,,,,,351.2,176.8
2010-12-24,149.5,148.3,157.2,125.8,368.5,172.2,,,,,,354.8,177.6
2010-12-31,151.2,150.4,159.3,126.7,372.1,173.7,,,,,,355.3,178.2
2011-01-07,150.7,149.7,158.6,126.3,370.4,173.4,,,,,,359.2,179.4
2011-01-14,151.6,150.8,159.7,126.9,374.3,173.6,,,,,,365.3,181.3
2011-01-21,150.7,149.7,158.6,126.3,371.7,172.9,,,,,,362.7,180.2
2011-01-28,151.0,150.1,159.0,126.5,372.1,173.7,,,,,,360.8,180.2
2011-02-04,152.0,151.2,160.1,127.1,376.8,172.3,,,,,,370.5,181.4
2011-02-11,152.5,151.5,160.4,127.4,377.7,172.6,,,,,,376.1,183.0
2011-02-18,153.7,153.0,161.9,128.2,380.9,173.7,,,,,,380.1,184.6
2011-02-25,153.8,153.3,162.2,128.3,380.7,175.2,,,,,,373.9,183.7
2011-03-04,154.5,154.3,163.3,128.9,383.4,175.2,,,,,,374.3,183.5
2011-03-11,151.9,151.7,160.7,127.5,377.3,175.4,,,,,,369.7,182.7
2011-03-18,151.3,151.4,160.3,127.2,375.8,176.2,,,,,,362.5,181.4
2011-03-25,152.0,152.3,161.2,127.6,380.4,175.4,,,,,,372.6,183.4
2011-04-01,153.1,153.4,162.3,128.2,383.1,175.9,,,,,,377.8,185.0
2011-04-08,154.0,154.7,163.6,128.9,387.1,175.7,,,,,,377.0,184.0
2011-04-15,154.9,155.2,164.2,129.1,386.3,177.6,,,,,,374.7,184.4
2011-04-22,156.4,156.9,165.9,129.9,390.4,178.2,,,,,,379.6,185.9
2011-04-29,158.9,159.5,168.5,131.1,394.5,180.3,,,,,,387.1,188.9
2011-05-06,156.9,157.1,166.1,129.9,383.8,180.4,,,,,,380.8,187.9
2011-05-13,156.6,156.7,165.7,129.7,382.4,180.4,,,,,,380.3,187.9
2011-05-20,157.3,157.3,166.3,130.0,382.8,180.9,,,,,,379.1,187.8
2011-05-27,159.1,159.1,168.1,130.7,386.1,182.0,,,,,,378.8,188.3
2011-06-03,158.8,158.9,167.9,130.6,386.3,181.9,,,,,,370.1,186.2
2011-06-10,157.6,157.6,166.6,130.2,382.8,181.3,,,,,,362.1,184.0
2011-06-17,157.9,157.9,166.9,130.3,382.4,181.5,,,,,,362.3,184.3
2011-06-24,158.8,158.7,167.7,130.6,381.6,182.1,,,,,,361.6,184.6
2011-07-01,157.6,157.6,166.6,130.2,384.8,181.2,,,,,,381.9,188.8
2011-07-08,161.0,160.9,169.9,131.4,386.8,183.3,,,,,,383.3,190.4
2011-07-15,162.3,162.2,171.2,131.8,386.6,184.2,,,,,,375.5,188.8
2011-07-22,163.0,163.0,172.0,132.2,390.4,184.6,,,,,,383.8,191.0
2011-07-29,165.0,165.0,174.0,132.8,390.0,185.8,,,,,,368.8,187.5
2011-08-05,165.5,165.5,173.5,132.7,387.4,185.6,,,,,,342.4,180.5
2011-08-12,167.6,167.5,177.6,134.1,391.7,188.1,,,,,,336.8,181.0
2011-08-19,168.9,168.8,180.2,135.1,396.3,189.6,,,,,,321.2,177.0
2011-08-26,167.9,167.9,178.3,134.4,393.2,188.5,,,,,,336.4,181.5
2011-09-02,169.5,169.5,181.5,135.6,394.8,190.6,,,,,,336.1,182.5
2011-09-09,169.7,169.6,181.8,135.6,393.9,190.7,,,,,,330.6,181.1
2011-09-16,169.2,169.1,180.7,135.2,392.0,190.1,,,,,,348.3,186.1
2011-09-23,168.6,168.5,179.6,134.8,391.0,189.4,,,,,,325.4,179.8
2011-09-30,168.0,167.9,178.3,134.3,389.9,188.5,,,,,,324.3,179.2
2011-10-07,167.5,167.5,177.5,134.0,387.8,188.1,,,,,,331.7,180.8
2011-10-14,167.7,167.7,178.0,134.1,382.2,188.5,,,,,,351.3,186.3
2011-10-21,168.2,168.2,178.9,134.4,383.1,189.1,,,,,,355.3,187.9
2011-10-28,169.1,169.1,180.4,134.9,379.4,190.1,,,,,,368.6,191.7
2011-11-04,170.6,170.5,182.4,135.7,383.3,191.4,,,,,,359.7,190.6
2011-11-11,169.8,169.8,181.6,135.3,382.6,190.8,,,,,,363.0,191.4
2011-11-18,169.4,169.4,181.0,135.1,383.8,190.3,,,,,,349.6,187.7
2011-11-25,169.0,169.1,180.4,134.8,385.4,189.7,,,,,,333.5,182.7
2011-12-02,169.7,169.6,181.4,135.3,383.1,190.7,,,,,,357.9,190.4
2011-12-09,169.3,169.3,181.2,135.3,383.1,190.6,,,,,,361.3,191.5
2011-12-16,169.6,169.5,182.1,135.7,386.3,191.3,,,,,,350.7,189.3
2011-12-23,169.2,169.2,181.8,135.6,384.5,191.1,,,,,,364.6,192.9
2011-12-30,170.1,169.9,182.5,135.9,385.1,191.6,,,,,,362.0,193.0
2012-01-06,170.0,170.0,182.6,135.8,385.7,191.6,,,,,,368.4,194.6
2012-01-13,171.0,170.7,183.4,136.2,385.8,192.2,,,,,,371.6,196.2
2012-01-20,170.4,170.0,182.7,136.0,383.3,191.9,,,,,,380.6,198.1
2012-01-27,172.7,172.1,184.8,136.7,383.7,193.3,,,,,,380.2,198.9
2012-02-03,172.6,172.1,184.8,136.7,384.1,193.3,,,,,,388.1,201.2
2012-02-10,172.2,171.7,184.4,136.6,383.7,193.0,,,,,,387.6,201.0
2012-02-17,171.8,171.3,184.0,136.4,383.1,192.8,,,,,,393.5,202.6
2012-02-24,172.5,172.0,184.7,136.6,382.7,193.2,,,,,,395.0,203.3
2012-03-02,172.4,171.9,184.6,136.6,382.2,193.1,,,,,,396.1,203.6
2012-03-09,171.8,171.3,184.0,136.4,382.5,192.8,,,,,,396.8,203.6
2012-03-16,169.9,169.5,182.1,135.8,381.7,191.7,,,,,,406.5,205.0
2012-03-23,170.2,169.7,182.4,135.9,381.6,191.9,,,,,,404.6,204.8
2012-03-30,170.8,170.3,183.0,136.1,382.4,192.2,,,,,,407.9,205.9
2012-04-06,170.2,169.7,182.3,135.8,379.4,191.9,,,,,,405.0,205.4
2012-04-13,172.2,171.7,184.4,136.5,378.1,193.2,,,,,,397.3,204.3
2012-04-20,173.0,172.5,185.2,136.8,379.4,193.7,,,,,,399.7,205.2
2012-04-27,174.2,173.7,186.4,137.2,382.3,194.3,,,,,,406.7,207.6
2012-05-04,174.6,174.1,186.8,137.3,380.6,194.6,,,,,,396.9,205.0
2012-05-11,174.7,174.2,187.0,137.4,382.2,194.7,,,,,,392.9,204.1
2012-05-18,173.1,172.5,185.2,136.8,377.8,193.8,,,,,,375.9,199.5
2012-05-25,173.7,173.2,185.9,137.1,381.0,194.1,,,,,,382.7,201.6
2012-06-01,175.8,175.3,188.0,137.8,380.5,195.4,,,,,,371.3,199.6
2012-06-08,175.1,174.5,187.3,137.4,376.2,195.0,,,,,,385.6,203.2
2012-06-15,176.0,175.5,188.2,137.7,375.2,195.6,,,,,,390.6,205.2
2012-06-22,174.8,174.3,187.0,137.4,376.5,194.9,,,,,,388.7,204.0
2012-06-29,176.0,175.5,188.2,137.7,371.3,195.7,,,,,,396.3,206.7
2012-07-06,177.5,177.1,189.8,138.2,374.4,196.6,,,,,,394.6,206.8
2012-07-13,178.6,178.1,190.8,138.6,374.5,197.2,,,,,,395.3,207.4
2012-07-20,179.5,179.0,191.8,138.9,375.0,197.7,,,,,,397.4,208.3
2012-07-27,179.0,178.5,191.3,138.7,373.8,197.4,,,,,,403.9,209.8
2012-08-03,179.3,178.8,191.6,138.8,373.2,197.6,,,,,,405.8,210.3
2012-08-10,178.3,177.8,190.6,138.4,370.8,197.1,,,,,,410.1,211.3
2012-08-17,176.6,176.1,188.8,137.8,368.9,196.1,,,,,,414.1,211.6
2012-08-24,178.6,178.1,190.9,138.4,368.3,197.3,,,,,,412.1,211.8
2012-08-31,180.2,179.7,192.5,139.0,370.4,198.2,,,,,,411.1,212.4
2012-09-07,180.0,179.5,192.3,138.9,370.1,198.1,,,,,,420.3,214.6
2012-09-14,179.9,179.5,192.2,138.9,369.5,198.0,,,,,,428.8,216.1
2012-09-21,180.2,179.7,192.4,138.9,369.3,198.2,,,,,,427.1,216.4
2012-09-28,180.8,180.3,193.1,139.1,368.6,198.6,,,,,,421.5,215.4
2012-10-05,180.7,180.2,193.0,139.1,368.6,198.5,,,,,,427.9,216.8
2012-10-12,181.1,180.5,193.3,139.2,366.9,198.7,,,,,,418.3,214.3
2012-10-19,180.3,179.7,192.5,138.9,365.1,198.3,,,,,,419.8,214.0
2012-10-26,179.7,179.2,191.9,138.7,363.6,198.0,,,,,,413.8,212.4
2012-11-02,179.9,179.3,192.1,138.7,363.9,198.1,,,,,,414.4,212.8
2012-11-09,180.4,179.8,192.6,138.8,362.2,198.4,,,,,,404.5,210.7
2012-11-16,180.0,179.4,192.2,138.7,361.4,198.2,,,,,,399.3,209.2
2012-11-23,180.5,179.9,192.7,138.9,364.8,198.4,,,,,,413.8,213.1
2012-11-30,181.2,180.6,193.4,139.2,365.9,198.8,,,,,,416.2,214.4
2012-12-07,181.9,181.4,194.1,139.4,366.3,199.2,,,,,,416.9,214.6
2012-12-14,181.1,180.6,193.3,139.2,367.1,198.7,,,,,,416.0,213.9
2012-12-21,180.8,180.3,193.1,139.1,368.7,198.5,,,,,,421.0,215.0
2012-12-28,181.4,180.9,193.6,139.3,368.5,198.9,,,,,,412.9,213.0
2013-01-04,180.7,180.2,193.0,139.1,372.2,198.3,100.0,,,,,431.6,217.5
2013-01-11,181.5,181.1,193.9,139.4,373.7,198.8,100.2,,,,,433.6,218.5
2013-01-18,181.9,181.6,194.4,139.6,374.9,199.0,99.9,,,,,437.3,219.7
2013-01-25,181.9,181.8,194.6,139.5,377.2,198.6,100.4,,,,,443.0,220.8
2013-02-01,182.0,182.3,195.1,139.4,379.3,198.0,98.7,,,,,445.9,221.2
2013-02-08,181.8,181.8,194.6,139.4,378.5,198.4,98.3,,,,,447.6,222.3
2013-02-15,181.7,181.8,194.6,139.4,379.8,198.0,101.0,,,,,448.5,222.4
2013-02-22,181.4,181.4,194.2,139.2,378.2,198.2,101.4,,,,,447.8,222.5
2013-03-01,181.7,181.6,194.4,139.3,376.8,198.9,101.1,,,,,448.5,223.6
2013-03-08,181.8,181.7,194.5,139.3,379.7,198.1,101.9,,,,,458.3,225.1
2013-03-15,182.0,182.0,194.8,139.4,379.7,198.5,100.8,,,,,461.5,226.6
2013-03-22,181.8,181.9,194.7,139.4,379.0,198.8,101.2,,,,,460.8,226.9
2013-03-29,182.3,182.4,195.2,139.6,379.9,199.1,100.9,,,,,464.0,228.2
2013-04-05,183.5,183.6,196.4,140.2,382.1,200.2,99.9,,,,,459.5,228.0
2013-04-12,185.0,185.5,198.4,140.9,388.0,200.1,99.3,,,,,470.3,231.2
2013-04-19,185.2,185.5,198.3,141.1,390.2,199.7,102.5,,,,,460.5,228.4
2013-04-26,186.3,186.9,199.7,141.5,391.0,200.5,102.7,,,,,468.6,231.1
2013-05-03,186.5,187.3,200.2,141.5,391.3,200.4,103.4,,,,,477.9,233.3
2013-05-10,186.9,187.8,200.7,141.7,393.2,199.9,103.1,,,,,484.0,234.4
2013-05-17,188.6,189.6,202.4,142.8,397.8,199.5,104.7,,,,,494.4,237.1
2013-05-24,186.4,187.3,200.1,141.5,393.1,198.9,104.5,,,,,489.6,235.2
2013-05-31,183.8,184.5,197.3,139.9,388.0,197.6,104.6,,,,,484.1,232.7
2013-06-07,183.6,184.6,197.4,139.8,387.8,197.2,104.4,,,,,488.1,233.6
2013-06-14,183.0,184.4,197.2,139.8,387.7,197.4,103.5,,,,,483.3,232.6
2013-06-21,182.6,184.2,197.0,140.2,389.9,194.4,103.6,,,,,473.6,226.9
2013-06-28,183.7,185.0,197.8,140.6,391.3,195.2,104.2,,,,,477.6,228.5
2013-07-05,185.1,187.0,199.8,141.9,395.9,194.2,103.8,,,,,485.4,229.1
2013-07-12,185.0,186.8,199.6,141.5,394.1,195.9,104.8,,,,,498.7,234.1
2013-07-19,184.8,186.6,199.5,141.3,393.3,197.1,104.7,,,,,503.7,236.3
2013-07-26,184.7,186.4,199.3,141.2,393.1,196.6,104.5,,,,,503.5,235.7
2013-08-02,185.7,187.6,200.4,141.8,395.5,196.3,104.6,,,,,509.0,237.1
2013-08-09,184.9,186.7,199.6,141.2,393.1,196.4,101.1,,,,,504.1,236.0
2013-08-16,184.1,185.9,198.8,140.5,391.6,194.5,100.9,,,,,493.7,231.2
2013-08-23,184.4,186.2,199.1,140.7,392.0,194.8,100.3,,,,,496.1,231.9
2013-08-30,183.4,184.9,197.7,139.8,389.1,195.1,100.3,,,,,487.2,229.7
2013-09-06,184.4,186.2,199.0,140.8,392.6,194.0,100.7,,,,,494.3,230.7
2013-09-13,185.8,188.3,201.1,141.6,395.6,194.3,101.3,,,,,504.1,233.8
2013-09-20,186.4,189.6,202.5,142.1,396.6,196.0,102.2,,,,,510.8,237.0
2013-09-27,185.7,188.6,201.5,141.5,394.7,196.6,102.8,,,,,505.3,236.4
2013-10-04,185.6,188.6,201.5,141.6,395.0,196.3,103.3,,,,,505.3,236.3
2013-10-11,185.9,188.9,201.8,141.7,395.7,196.2,102.5,,,,,509.4,237.3
2013-10-18,187.9,191.3,204.1,142.9,399.5,197.7,101.7,,,,,521.7,241.5
2013-10-25,188.6,191.7,204.6,143.1,399.9,198.6,101.5,,,,,526.4,243.5
2013-11-01,187.4,190.1,203.0,142.4,397.5,197.5,103.0,,,,,527.2,242.9
2013-11-08,186.9,189.5,202.4,142.1,397.5,196.4,102.4,,,,,530.4,243.0
2013-11-15,188.1,191.0,203.9,142.8,400.2,197.2,102.6,,,,,538.7,245.9
2013-11-22,188.2,191.1,204.0,142.9,400.8,196.8,103.0,,,,,540.9,246.3
2013-11-29,188.8,191.8,204.7,143.2,402.0,196.9,103.9,,,,,541.5,246.5
2013-12-06,188.5,191.7,204.6,143.1,401.9,196.0,104.4,,,,,541.3,245.6
2013-12-13,187.1,190.1,203.0,142.3,399.0,196.1,104.8,,,,,532.9,243.3
2013-12-20,188.8,192.0,204.9,143.1,402.4,196.1,103.8,,,,,546.1,246.7
2013-12-27,190.0,193.4,206.3,143.6,405.0,195.7,103.0,,,,,553.0,247.7
2014-01-03,189.6,192.5,205.4,143.2,403.4,196.1,103.3,,100.0,,,550.1,247.1
2014-01-10,190.5,193.3,206.2,143.5,404.0,197.2,105.4,,98.4,,,553.9,249.2
2014-01-17,190.4,193.3,206.2,143.5,403.9,197.5,103.1,,99.1,,,552.4,249.1
2014-01-24,188.4,191.0,203.9,142.5,398.8,197.8,103.8,,97.7,,,538.1,245.9
2014-01-31,187.9,190.4,203.3,142.4,395.9,198.4,105.2,,95.2,,,536.0,246.0
2014-02-07,187.6,190.0,202.9,142.3,392.4,198.8,105.8,,100.3,,,540.5,247.2
2014-02-14,188.4,190.8,203.7,142.5,392.4,199.2,104.2,,101.0,,,553.5,250.6
2014-02-21,188.6,191.1,204.0,142.6,392.7,199.4,104.0,,102.1,,,553.1,250.5
2014-02-28,190.5,193.1,206.1,143.3,395.0,200.5,104.9,,101.8,,,560.4,253.0
2014-03-07,188.5,191.2,204.1,142.6,393.7,199.3,105.4,,100.0,,,566.3,253.6
2014-03-14,190.0,192.8,205.7,143.1,391.0,200.4,103.6,,99.3,,,555.5,251.9
2014-03-21,188.2,190.9,203.8,142.6,390.7,199.5,103.3,,99.4,,,562.6,252.9
2014-03-28,188.7,191.6,204.5,142.8,391.9,199.8,102.9,,99.6,,,560.4,252.5
2014-04-04,189.4,192.3,205.2,143.1,392.4,200.3,103.2,,98.2,,,563.2,253.3
2014-04-11,190.5,193.4,206.3,143.5,391.4,201.1,102.6,,106.7,,,548.4,250.3
2014-04-18,190.3,193.2,206.2,143.5,394.0,200.9,104.4,,108.6,,,563.1,253.6
2014-04-25,191.1,194.1,207.0,143.8,393.7,201.4,103.8,,110.4,,,562.8,253.8
2014-05-02,192.9,196.0,208.9,144.4,396.1,202.4,105.2,,107.4,,,568.2,255.9
2014-05-09,192.8,196.0,208.9,144.4,395.2,202.5,105.8,,110.1,,,567.9,256.0
2014-05-16,195.0,198.2,211.1,145.1,396.2,203.7,105.9,,107.8,,,568.2,256.8
2014-05-23,194.8,198.0,211.0,145.1,397.0,203.6,105.5,,104.6,,,575.1,258.8
2014-05-30,195.8,199.0,212.0,145.4,398.5,204.1,105.4,,101.8,,,582.1,261.1
2014-06-06,194.5,197.8,210.7,145.1,399.7,203.4,105.4,,99.9,,,590.3,262.3
2014-06-13,194.3,197.5,210.5,145.0,398.3,203.3,104.6,,100.0,,,586.5,261.3
2014-06-20,195.6,198.8,211.8,145.4,398.8,203.9,104.6,,101.0,,,594.8,263.5
2014-06-27,197.1,200.3,213.3,145.8,398.7,204.7,103.3,,100.5,,,594.5,264.1
2014-07-04,195.1,198.4,211.3,145.2,399.0,203.7,103.9,,98.5,,,601.7,265.1
2014-07-11,197.3,200.5,213.5,145.9,396.9,204.9,104.5,,96.1,,,596.9,265.0
2014-07-18,196.9,200.1,213.1,145.7,397.5,204.7,104.6,,95.6,,,600.2,266.2
2014-07-25,197.5,200.7,213.7,145.9,398.6,204.9,103.6,,94.5,,,600.2,266.3
2014-08-01,195.0,198.0,211.0,145.1,389.6,203.9,103.1,,99.8,,,584.4,261.9
2014-08-08,196.5,199.5,212.5,145.5,388.5,204.8,101.6,,79.4,,,586.6,263.1
2014-08-15,199.1,202.2,215.2,146.4,392.4,206.0,102.5,,75.2,,,594.2,266.0
2014-08-22,198.1,201.2,214.2,146.1,394.5,205.5,102.7,,75.2,,,604.7,268.2
2014-08-29,199.8,203.0,216.0,146.6,396.2,206.3,102.3,,74.8,,,609.3,270.0
2014-09-05,197.6,200.7,213.6,145.9,395.9,205.1,101.8,,73.1,,,610.5,269.4
2014-09-12,192.8,195.6,208.6,144.4,392.9,202.6,101.9,,74.0,,,604.5,266.7
2014-09-19,193.2,196.0,208.9,144.5,394.8,202.7,102.2,,72.8,,,612.1,268.9
2014-09-26,192.6,195.4,208.3,144.3,393.9,202.5,102.5,,72.8,,,603.6,267.1
2014-10-03,194.0,196.9,209.8,144.8,395.9,203.3,103.4,,74.2,,,599.4,266.8
2014-10-10,196.3,199.5,212.4,145.6,395.7,204.9,101.6,,77.4,,,581.1,263.3
2014-10-17,198.3,201.7,214.6,146.2,395.7,206.2,100.6,,80.1,,,574.8,262.4
2014-10-24,198.6,201.9,214.9,146.4,397.8,206.2,99.9,,77.0,,,599.1,268.5
2014-10-31,197.5,200.6,213.6,146.2,401.6,205.3,100.0,,75.7,,,615.1,272.2
2014-11-07,198.2,201.3,214.3,146.4,403.7,205.8,100.1,,74.2,,,620.2,273.9
2014-11-14,197.3,200.3,213.2,146.1,403.3,205.4,100.9,,75.0,,,622.9,274.6
2014-11-21,198.0,201.0,214.0,146.3,404.1,205.8,100.8,,74.9,,,630.4,276.6
2014-11-28,200.3,203.5,216.5,147.5,410.3,206.5,102.7,,74.1,,,632.0,278.1
2014-12-05,198.5,201.2,214.2,146.6,409.6,205.3,103.0,,74.3,,,634.4,277.8
2014-12-12,200.2,203.0,216.0,147.3,411.1,206.6,103.0,,74.9,,,612.7,274.0
2014-12-19,200.9,203.6,216.6,147.7,413.9,206.6,101.7,,71.5,,,633.4,278.8
2014-12-26,201.0,203.5,216.5,147.9,415.4,206.1,101.5,,72.9,,,639.2,279.6
2015-01-02,203.0,205.7,218.7,148.9,418.8,207.5,101.8,,74.1,,,630.0,278.4
2015-01-09,205.6,208.7,221.7,149.9,421.3,209.6,103.1,,73.5,,,626.4,279.0
2015-01-16,207.5,210.8,223.9,150.5,422.1,211.5,104.0,,72.5,,,618.4,278.0
2015-01-23,209.6,212.9,225.9,151.4,426.0,212.3,105.1,,70.0,,,628.6,280.9
2015-01-30,210.9,214.6,227.7,151.9,426.1,213.9,104.7,,70.0,,,611.7,277.7
2015-02-06,207.3,210.7,223.8,150.1,420.9,210.5,103.5,,67.0,,,630.4,280.2
2015-02-13,206.5,210.1,223.1,149.7,419.9,209.7,102.5,,67.0,,,643.4,283.0
2015-02-20,206.8,210.4,223.5,150.0,421.3,209.2,102.5,,65.1,,,647.8,283.6
2015-02-27,208.4,212.1,225.2,150.7,423.3,210.5,102.9,,63.4,,,646.0,284.2
2015-03-06,206.4,209.7,222.8,150.0,422.1,207.0,103.4,,64.6,,,636.4,279.6
2015-03-13,208.0,211.6,224.6,151.7,427.6,207.9,104.5,,64.9,,,631.2,279.3
2015-03-20,208.7,212.9,226.0,151.6,426.8,210.9,104.9,,62.8,,,648.2,285.7
2015-03-27,208.0,211.9,225.0,150.9,424.1,210.7,104.7,,65.4,,,633.8,281.7
2015-04-03,208.2,212.3,225.3,150.9,424.0,211.5,104.0,,63.8,,,635.9,282.7
2015-04-10,208.6,212.8,225.9,151.3,425.4,211.2,104.2,,65.0,,,647.0,285.3
2015-04-17,208.2,212.2,225.2,150.8,423.5,212.1,102.1,,65.6,,,640.6,284.6
2015-04-24,208.9,213.2,226.3,151.3,425.5,211.5,102.5,,65.4,,,652.0,287.3
2015-05-01,205.9,209.7,222.7,149.4,419.7,209.3,102.1,,63.9,,,649.1,284.7
2015-05-08,204.7,208.7,221.7,149.0,418.0,209.3,100.7,,63.8,,,651.9,285.4
2015-05-15,204.5,208.6,221.7,148.9,417.2,209.6,101.2,,63.3,,,654.4,286.1
2015-05-22,205.0,208.8,221.8,149.0,419.4,208.5,101.2,,62.6,,,656.1,285.9
2015-05-29,205.1,208.7,221.8,149.1,419.3,209.0,102.0,,61.1,,,650.4,285.2
2015-06-05,204.1,206.6,219.7,147.9,417.0,206.0,101.0,,62.4,,,646.2,281.6
2015-06-12,203.7,206.4,219.4,147.8,416.5,206.2,100.8,,62.7,,,646.9,282.0
2015-06-19,204.3,207.2,220.2,148.2,416.7,207.8,101.4,,63.3,,,652.6,284.8
2015-06-26,203.6,206.1,219.1,147.6,417.3,205.5,102.0,,63.1,,,649.5,282.2
2015-07-03,203.3,205.7,218.7,147.3,414.8,206.5,102.2,,64.7,,,641.7,281.0
2015-07-10,203.0,205.0,218.1,147.1,413.8,206.5,103.2,,63.3,,,642.2,281.1
2015-07-17,203.9,206.3,219.3,147.9,418.5,206.6,103.8,,61.9,,,657.7,285.6
2015-07-24,203.7,205.8,218.9,148.0,419.9,206.0,105.2,,62.1,,,643.9,282.8
2015-07-31,204.5,206.8,219.9,148.6,421.5,207.0,105.2,,62.7,,,651.6,285.6
2015-08-07,204.1,206.5,219.5,148.6,422.1,206.4,106.4,,64.0,,,643.7,283.6
2015-08-14,203.9,206.4,219.4,148.5,422.1,206.5,106.5,,64.7,,,648.3,284.7
2015-08-21,202.5,204.8,217.9,147.6,416.2,207.5,106.0,,67.7,,,612.4,276.6
2015-08-28,200.9,203.0,216.4,147.1,416.2,206.3,105.4,,69.1,,,616.9,276.8
2015-09-04,200.7,202.6,215.7,146.8,416.0,206.0,106.8,,68.9,,,596.2,271.9
2015-09-11,200.6,202.4,215.3,146.4,412.5,206.0,106.9,,68.3,,,609.0,275.0
2015-09-18,201.0,203.0,216.4,146.8,412.8,207.1,107.5,,67.7,,,608.2,275.5
2015-09-25,200.5,202.5,215.5,146.7,415.5,206.0,108.9,,70.7,,,600.1,273.0
2015-10-02,201.1,203.1,216.6,146.9,414.8,207.4,108.3,,72.2,,,606.8,276.5
2015-10-09,200.0,201.9,215.8,146.4,408.1,208.0,105.2,,68.8,,,626.4,280.9
2015-10-16,201.4,203.4,217.4,146.9,408.8,208.9,106.2,,71.2,,,632.5,283.2
2015-10-23,201.4,203.3,217.2,146.9,409.1,208.9,106.7,,71.5,,,645.7,286.2
2015-10-30,200.4,201.8,215.8,146.4,409.9,207.7,107.0,,71.5,,,647.0,286.0
2015-11-06,198.3,198.5,212.4,145.3,410.7,204.9,108.2,,69.0,,,653.6,286.2
2015-11-13,198.3,198.6,212.5,145.6,413.2,204.7,109.5,,73.2,,,630.2,280.5
2015-11-20,198.8,199.3,213.2,145.9,414.0,205.3,111.5,,70.6,,,651.3,286.2
2015-11-27,199.1,199.7,213.6,146.1,414.6,205.6,111.8,,70.5,,,652.1,286.9
2015-12-04,198.5,198.9,212.8,145.7,412.9,205.4,112.6,,71.9,,,652.2,286.5
2015-12-11,199.3,199.2,213.1,145.9,416.0,204.9,112.3,,76.0,,,628.2,281.4
2015-12-18,199.3,198.9,212.8,145.9,417.3,204.3,111.7,,78.1,,,626.1,280.3
2015-12-25,198.9,198.7,212.6,145.6,415.2,204.8,110.1,,74.8,,,643.8,284.7
2016-01-01,198.9,198.5,212.4,145.6,416.4,204.1,110.5,,74.8,,,638.1,282.8
2016-01-08,200.1,199.7,213.6,146.4,418.8,205.5,109.2,,81.7,,,600.7,274.4
2016-01-15,201.3,200.9,215.5,147.4,423.2,205.4,110.0,,87.9,,,587.9,271.8
2016-01-22,200.1,199.7,214.7,147.0,420.9,205.5,109.6,,85.5,,,596.3,274.1
2016-01-29,199.8,199.6,214.7,146.9,416.6,207.4,107.2,,82.4,,,606.4,278.1
2016-02-05,199.9,199.8,215.2,147.1,417.8,207.9,104.6,,80.7,,,588.3,273.9
2016-02-12,200.6,200.6,216.9,147.8,422.5,208.6,106.0,,83.0,,,584.2,273.7
2016-02-19,200.4,200.5,216.6,147.6,418.3,208.9,105.2,,81.6,,,601.0,278.3
2016-02-26,200.5,200.8,217.1,147.7,415.4,209.8,105.4,,81.2,,,610.6,280.9
2016-03-04,199.8,200.4,217.1,147.6,408.3,210.2,103.4,,78.2,,,627.4,284.4
2016-03-11,199.4,200.1,216.8,147.5,405.9,210.2,103.8,,76.3,,,634.7,285.6
2016-03-18,203.2,204.1,221.0,148.8,407.1,212.3,103.5,,75.1,,,643.0,288.9
2016-03-25,201.9,202.7,219.5,148.3,407.9,211.5,104.1,,78.2,,,639.1,287.6
2016-04-01,206.0,207.1,224.1,149.7,410.5,213.7,104.8,,77.1,,,651.0,292.1
2016-04-08,207.6,208.8,225.7,150.2,411.5,214.5,105.3,,78.4,,,643.4,290.8
2016-04-15,207.3,208.5,225.4,150.1,408.7,214.5,105.4,,79.7,,,653.7,293.3
2016-04-22,205.2,206.2,223.1,149.3,404.5,213.5,103.6,,76.7,,,657.5,293.0
2016-04-29,208.0,209.2,226.2,150.3,407.4,215.0,104.2,,77.8,,,649.2,291.4
2016-05-06,209.0,210.3,227.3,150.7,409.4,215.5,105.1,,80.6,,,647.2,291.6
2016-05-13,209.5,210.9,227.9,150.8,408.6,215.9,105.9,,81.7,,,644.2,291.3
2016-05-20,205.3,206.6,223.5,149.5,404.9,213.9,103.4,,81.4,,,646.5,290.6
2016-05-27,205.5,206.8,223.7,149.6,403.6,214.0,102.4,,77.4,,,661.5,294.5
2016-06-03,210.3,211.6,228.7,151.1,407.4,216.3,101.9,,75.4,,,661.6,296.1
2016-06-10,212.9,214.2,231.3,151.8,408.6,217.6,102.8,,76.6,,,660.9,296.6
2016-06-17,213.5,214.8,231.9,152.0,409.3,217.9,102.9,,77.3,,,653.1,294.8
2016-06-24,215.1,216.4,233.5,152.5,408.1,218.7,102.7,,80.9,,,642.8,292.6
2016-07-01,222.8,224.1,241.4,154.8,414.7,222.2,102.7,,81.6,,,663.9,299.5
2016-07-08,226.3,227.6,244.9,155.8,416.6,223.8,104.1,,84.9,,,672.5,302.6
2016-07-15,221.0,222.3,239.6,154.3,413.1,221.4,102.6,,84.7,,,682.6,303.2
2016-07-22,222.0,223.3,240.6,154.5,412.8,221.9,103.1,,83.2,,,687.0,304.7
2016-07-29,225.0,226.2,243.6,155.4,414.9,223.2,103.3,,83.2,,,686.7,305.6
2016-08-05,221.3,222.6,239.9,154.3,413.5,221.5,103.2,,82.7,,,690.0,305.4
2016-08-12,223.6,224.9,242.3,155.0,415.2,222.6,104.0,,82.3,,,690.9,306.1
2016-08-19,222.1,223.5,240.8,154.6,414.8,221.9,104.1,,81.0,,,691.1,305.7
2016-08-26,220.7,222.0,239.3,154.1,412.9,221.2,103.1,,83.2,,,687.2,304.2
2016-09-02,222.5,223.8,241.1,154.8,414.7,222.1,102.6,,83.1,,,690.6,305.3
2016-09-09,218.3,219.3,236.6,153.4,409.5,220.2,101.3,,80.3,,,674.5,300.5
2016-09-16,218.0,219.0,236.2,153.3,409.2,220.1,101.4,,79.6,,,678.2,301.6
2016-09-23,222.6,223.9,241.2,154.9,415.4,222.2,101.3,,79.7,,,686.5,304.4
2016-09-30,222.5,223.9,241.2,154.8,415.5,222.2,101.4,,78.3,,,687.5,304.9
2016-10-07,217.7,218.7,235.9,153.2,410.4,219.7,100.0,,79.0,,,683.5,302.7
2016-10-14,216.1,217.0,234.2,152.6,407.5,219.1,100.6,,81.8,,,677.4,300.6
2016-10-21,218.3,219.4,236.6,153.4,409.2,220.4,101.0,,82.4,,,680.1,301.9
2016-10-28,215.4,216.3,233.5,152.4,407.6,218.6,101.3,,83.0,,,675.6,299.8
2016-11-04,215.7,216.8,233.9,152.6,406.1,219.2,101.6,,84.4,,,662.9,297.2
2016-11-11,209.5,209.5,226.5,150.0,403.5,214.4,101.3,,78.9,,,687.9,300.2
2016-11-18,208.4,208.0,225.0,149.5,403.6,213.1,101.8,,78.0,,,694.5,300.3
2016-11-25,209.0,208.6,225.6,149.7,405.1,212.9,101.3,,76.3,,,704.1,302.4
2016-12-02,208.4,208.3,225.2,149.6,404.7,212.9,101.1,,79.3,,,698.3,300.9
2016-12-09,209.3,209.1,226.0,149.9,406.3,212.9,99.7,,79.1,,,720.0,305.8
2016-12-16,208.7,208.1,225.1,149.6,406.6,211.1,99.7,,79.1,,,719.5,304.5
2016-12-23,209.0,208.6,225.5,149.7,406.5,212.4,99.2,,79.1,,,721.7,305.7
2016-12-30,208.7,208.3,225.3,149.4,404.7,213.8,99.1,,79.1,,,714.7,304.9
2017-01-06,209.0,208.8,225.7,149.6,404.9,214.6,98.9,,76.8,,,726.5,308.2
2017-01-13,209.2,209.4,226.4,149.8,405.5,215.2,98.3,,75.5,,,725.9,308.4
2017-01-20,208.6,208.7,225.7,149.4,404.5,214.8,98.9,,76.4,,,725.0,307.5
2017-01-27,209.3,209.3,226.3,149.8,406.3,214.8,99.3,,76.3,,,732.1,309.2
2017-02-03,209.0,209.3,226.3,149.8,406.1,215.2,99.0,,75.1,,,733.3,309.8
2017-02-10,209.3,210.1,227.1,150.3,407.9,216.2,98.1,,75.1,,,740.2,312.1
2017-02-17,209.6,210.5,227.5,150.6,409.2,216.2,96.7,,75.1,,,751.7,314.9
2017-02-24,210.1,211.0,228.0,150.9,408.8,217.8,96.1,,75.1,,,756.9,317.3
2017-03-03,209.7,210.6,227.6,150.8,410.7,215.9,97.5,,75.1,,,762.3,317.0
2017-03-10,208.5,209.3,226.2,149.8,408.9,213.3,98.1,,75.1,,,760.0,315.8
2017-03-17,209.6,210.5,227.5,150.8,411.5,215.2,98.3,,75.1,,,761.2,317.0
2017-03-24,209.3,209.9,226.9,150.2,408.9,216.3,99.2,,75.1,,,751.0,315.3
2017-03-31,210.3,211.1,228.1,151.0,411.6,217.0,99.4,,75.1,,,757.0,317.0
2017-04-07,209.8,210.4,227.4,150.5,409.6,217.2,99.6,,73.2,,,755.3,316.8
2017-04-14,210.7,211.4,228.4,150.9,407.9,219.4,99.1,,72.8,,,746.6,316.2
2017-04-21,211.2,212.0,229.1,151.2,410.1,219.5,99.3,,72.7,,,753.3,317.8
2017-04-28,211.7,212.4,229.5,151.6,413.3,218.9,98.0,,72.3,,,764.5,320.3
2017-05-05,211.8,212.3,229.4,151.6,414.8,217.5,97.3,,71.2,,,769.7,321.1
2017-05-12,211.7,212.1,229.2,151.4,414.0,217.8,98.2,,71.7,,,767.4,320.7
2017-05-19,211.9,212.4,229.5,151.6,412.9,219.5,99.4,,70.5,,,765.3,321.3
2017-05-26,212.4,213.1,230.1,152.0,415.5,219.7,100.0,,70.5,,,776.2,323.9
2017-06-02,213.9,214.9,232.1,153.1,419.1,221.3,99.4,,71.4,,,784.1,326.8
2017-06-09,212.2,213.1,230.2,152.1,414.7,220.3,98.3,,73.2,,,781.6,325.8
2017-06-16,213.0,213.7,230.7,152.4,414.6,220.8,99.1,,71.6,,,783.0,326.7
2017-06-23,214.1,214.8,232.0,152.8,417.1,221.4,100.7,,70.1,,,784.5,327.2
2017-06-30,211.4,212.1,229.1,151.7,412.7,219.9,99.8,,67.9,,,780.3,324.7
2017-07-07,209.4,210.0,227.0,150.8,410.9,218.4,100.4,,67.9,,,781.3,324.1
2017-07-14,211.1,212.2,229.3,151.9,414.3,219.9,100.0,,68.2,,,792.4,327.7
2017-07-21,212.7,214.1,231.2,152.8,416.4,221.4,98.6,,68.6,,,796.6,329.6
2017-07-28,212.5,213.9,231.0,152.6,415.1,221.3,96.6,,67.6,,,796.7,329.3
2017-08-04,212.9,214.4,231.5,152.8,416.7,221.4,96.1,,67.7,,,798.4,330.0
2017-08-11,212.3,213.4,230.5,152.5,413.3,221.8,96.4,,64.1,,,787.7,328.1
2017-08-18,212.3,213.5,230.6,152.5,414.7,221.7,96.8,,62.4,,,783.2,327.1
2017-08-25,214.2,215.6,232.8,153.3,418.3,222.6,96.1,,63.9,,,789.2,328.8
2017-09-01,215.2,216.9,234.1,153.8,420.8,223.3,97.0,,64.3,100.0,100.0,799.7,331.6
2017-09-08,217.0,218.7,236.0,154.5,421.6,224.5,97.1,,64.4,100.0,99.9,795.7,331.7
2017-09-15,215.2,216.9,234.1,153.8,421.4,223.4,96.6,,62.4,100.0,98.7,808.1,333.6
2017-09-22,213.5,215.0,232.1,153.1,420.5,222.3,97.5,,64.8,100.0,98.5,808.9,333.0
2017-09-29,212.8,214.2,231.3,152.9,420.2,221.9,97.5,,65.8,100.0,98.5,814.7,333.8
2017-10-06,213.0,214.3,231.4,152.9,421.2,221.6,97.4,,65.6,100.0,98.3,824.9,336.0
2017-10-13,215.1,217.1,234.3,154.2,425.8,223.1,97.4,,63.6,100.0,97.9,826.8,337.4
2017-10-20,214.2,215.7,232.9,153.5,424.4,221.8,97.4,,63.2,100.0,97.9,833.8,338.1
2017-10-27,213.4,214.6,231.7,153.1,423.1,221.3,98.0,,63.2,100.0,97.6,835.7,338.3
2017-11-03,214.7,216.2,233.3,153.7,425.6,222.2,97.5,,62.6,100.0,97.2,838.1,339.8
2017-11-10,213.6,214.9,232.0,153.2,424.5,221.2,97.5,,62.8,100.0,97.2,837.0,338.8
2017-11-17,214.3,215.8,232.9,153.6,425.2,222.1,98.4,,61.7,100.0,97.7,836.2,339.1
2017-11-24,215.8,218.0,235.2,154.7,430.4,222.7,99.0,,61.6,100.0,96.5,844.3,341.2
2017-12-01,215.1,217.0,234.2,154.2,428.6,222.3,97.9,,62.3,100.0,97.1,857.6,344.2
2017-12-08,214.7,216.3,233.5,153.9,428.1,222.0,98.1,,59.8,100.0,97.0,861.0,345.0
2017-12-15,215.4,217.3,234.5,154.6,430.3,222.7,98.1,,58.4,100.0,96.2,868.7,347.1
2017-12-22,215.6,217.6,234.8,154.8,432.6,221.4,97.9,,60.4,100.0,95.4,871.9,346.7
2017-12-29,216.8,218.9,236.1,155.5,434.3,223.1,97.7,,61.3,100.0,95.8,869.8,346.9
2018-01-05,218.0,220.5,237.8,156.9,439.7,222.6,98.9,,60.3,100.0,94.6,891.2,351.4
2018-01-12,219.5,222.3,239.7,158.5,445.5,221.6,100.1,,59.1,100.0,94.0,905.9,354.1
2018-01-19,219.3,222.2,239.5,158.6,446.1,220.8,101.5,,59.2,100.0,93.7,914.0,354.9
2018-01-26,221.7,225.5,242.9,161.3,454.7,221.4,101.9,,57.3,100.0,93.4,934.1,359.6
2018-02-02,217.6,219.9,237.2,156.8,440.7,218.8,101.7,,58.0,100.0,95.6,897.8,349.3
2018-02-09,210.3,209.9,226.9,152.2,425.9,217.1,102.7,,58.0,100.0,96.1,852.3,338.7
2018-02-16,217.3,219.7,236.9,155.0,436.0,218.0,102.6,,60.4,100.0,92.5,890.2,347.4
2018-02-23,216.9,219.4,236.6,154.9,435.8,217.7,103.0,,60.8,100.0,92.1,895.4,348.8
2018-03-02,214.2,215.0,232.2,153.7,431.6,217.4,103.3,,60.8,100.0,92.7,877.1,344.7
2018-03-09,215.7,216.8,234.0,154.3,433.7,217.6,104.0,,60.3,100.0,91.9,909.0,352.0
2018-03-16,214.8,215.8,232.9,153.9,432.1,218.3,104.4,,58.0,100.0,92.6,897.3,349.9
2018-03-23,213.0,213.7,230.8,153.1,429.3,217.9,104.5,,58.5,100.0,95.1,844.5,337.9
2018-03-30,213.4,214.5,231.6,153.3,429.3,219.5,104.4,,58.3,100.0,94.6,861.2,342.6
2018-04-06,212.1,212.9,230.0,152.8,426.8,219.5,104.9,,58.8,100.0,95.6,849.9,339.8
2018-04-13,212.9,213.7,230.8,153.1,428.5,219.5,104.7,,58.8,100.0,95.3,867.7,343.6
2018-04-20,211.9,212.1,229.2,152.5,428.3,217.8,103.0,,59.0,100.0,93.5,872.5,343.4
2018-04-27,211.4,211.3,228.4,152.3,426.5,218.2,101.8,,62.7,100.0,94.3,872.3,343.4
2018-05-04,211.1,210.9,227.9,152.1,425.3,218.3,102.7,,60.7,100.0,95.1,870.6,343.3
2018-05-11,211.8,211.7,228.7,152.5,427.1,218.7,103.6,,61.8,100.0,94.5,892.9,348.3
2018-05-18,210.7,210.0,227.0,152.1,427.1,217.0,103.4,,62.0,100.0,94.5,887.9,346.2
2018-05-25,211.0,210.6,227.6,151.9,424.4,218.9,103.9,,61.4,100.0,94.9,890.6,348.4
2018-06-01,211.0,210.5,227.6,151.7,424.0,219.5,105.2,,61.6,100.0,94.2,895.4,349.9
2018-06-08,211.3,210.8,227.9,151.9,425.0,219.6,101.8,,60.1,100.0,93.8,910.4,353.1
2018-06-15,210.9,210.6,227.6,151.8,424.1,219.7,102.0,,59.6,100.0,93.2,911.0,353.4
2018-06-22,211.1,210.6,227.6,151.7,423.7,219.9,101.4,,59.0,100.0,93.1,903.1,352.0
2018-06-29,211.1,210.5,227.5,151.6,422.2,220.1,101.3,,61.8,100.0,94.4,891.8,349.9
2018-07-06,212.0,211.7,228.8,152.0,422.3,221.4,100.7,,61.5,100.0,94.1,905.4,353.5
2018-07-13,212.3,211.8,228.9,152.1,422.8,221.3,101.2,,60.6,100.0,94.0,919.1,356.7
2018-07-20,211.0,210.3,227.3,151.5,422.1,220.2,101.8,,60.2,100.0,94.1,919.4,356.2
2018-07-27,210.2,209.4,226.4,151.1,421.6,219.8,101.7,,61.8,100.0,93.2,925.1,356.9
2018-08-03,211.5,210.8,227.8,151.7,423.6,220.5,102.1,,61.6,100.0,92.9,932.2,358.8
2018-08-10,212.3,211.7,228.8,152.0,425.0,220.9,103.0,,61.4,100.0,92.4,930.8,359.4
2018-08-17,213.6,213.1,230.2,152.4,427.3,221.3,102.1,,61.4,100.0,92.8,937.0,361.0
2018-08-24,215.4,215.1,232.2,153.0,427.4,222.3,103.6,,62.7,100.0,92.8,945.1,363.5
2018-08-31,214.4,214.1,231.2,152.8,429.3,221.7,103.7,,62.9,100.0,92.5,954.3,365.2
2018-09-07,212.5,211.9,229.0,152.1,428.9,220.6,103.3,,64.3,100.0,93.1,945.4,362.4
2018-09-14,212.5,211.9,229.0,152.1,430.0,220.6,103.4,,64.2,100.0,92.8,956.2,364.4
2018-09-21,211.3,210.8,227.8,151.6,427.2,220.0,103.1,,63.5,100.0,91.7,964.2,365.4
2018-09-28,211.7,211.3,228.3,151.9,429.0,220.2,103.8,,63.1,100.0,91.1,960.0,364.7
2018-10-05,209.8,208.7,225.7,150.7,426.9,218.0,102.3,,64.8,100.0,91.6,950.4,360.8
2018-10-12,208.5,207.7,224.6,150.1,422.5,218.3,102.0,,65.2,100.0,91.8,911.2,352.6
2018-10-19,208.3,207.4,224.4,150.0,422.8,218.1,100.1,,65.4,100.0,91.6,912.2,352.6
2018-10-26,208.1,207.5,224.4,150.0,419.3,218.7,100.3,,65.7,100.0,90.8,876.1,345.7
2018-11-02,207.7,206.9,223.2,149.3,419.7,217.7,100.3,,64.8,100.0,89.3,897.8,349.5
2018-11-09,208.1,207.3,223.9,149.7,421.1,218.3,101.4,,66.1,100.0,87.4,917.2,354.3
2018-11-16,208.5,207.7,224.6,150.1,419.5,219.0,102.3,,68.2,100.0,87.6,903.9,352.6
2018-11-23,208.5,207.6,224.4,150.0,422.0,218.7,100.9,,70.8,100.0,90.6,869.3,344.7
2018-11-30,208.7,208.0,225.1,150.3,421.0,219.7,101.9,,68.0,100.0,89.4,910.2,355.1
2018-12-07,209.8,209.0,227.0,151.1,420.6,221.4,101.8,,67.2,100.0,89.2,870.3,347.5
2018-12-14,209.8,209.1,227.2,151.1,422.6,221.2,102.6,,67.7,100.0,90.0,860.1,344.7
2018-12-21,210.3,209.6,228.2,151.5,427.2,221.2,101.7,,68.8,100.0,90.5,799.5,331.1
2018-12-28,210.5,209.7,228.3,151.7,423.9,222.5,100.6,,67.0,100.0,86.9,822.9,337.8
2019-01-04,211.0,210.1,229.1,152.0,419.7,223.7,99.0,,67.0,100.0,85.2,838.3,342.4
2019-01-11,211.5,210.6,230.2,152.3,415.8,224.5,98.4,,70.1,100.0,85.5,860.2,347.5
2019-01-18,211.0,210.0,229.1,152.0,412.8,224.1,101.4,,69.4,100.0,85.5,885.0,352.5
2019-01-25,212.1,211.1,231.2,152.6,412.3,225.2,99.1,,70.1,100.0,85.8,882.8,352.5
2019-02-01,216.1,214.9,235.5,153.8,410.8,227.2,99.1,,68.5,100.0,84.8,897.0,356.6
2019-02-08,218.1,216.9,237.6,154.4,412.8,228.2,99.3,,67.7,100.0,85.1,898.3,357.6
2019-02-15,218.4,217.2,237.8,154.4,411.6,228.3,99.3,,68.1,100.0,84.0,921.2,362.8
2019-02-22,219.5,218.2,238.9,154.7,411.6,228.8,98.8,,67.6,100.0,84.2,927.1,364.5
2019-03-01,215.4,214.3,234.8,153.6,410.4,226.9,98.5,,67.7,100.0,84.0,931.4,364.3
2019-03-08,219.5,218.3,239.1,154.8,413.8,228.8,98.7,,67.3,100.0,84.7,911.6,361.3
2019-03-15,221.9,220.7,241.5,155.5,413.2,230.0,99.1,,66.6,100.0,84.0,938.4,368.1
2019-03-22,227.7,226.3,247.3,157.2,415.9,232.6,100.0,,67.2,100.0,83.8,931.6,368.3
2019-03-29,229.5,228.1,249.2,157.7,417.8,233.4,99.8,,67.6,100.0,83.6,942.4,371.3
2019-04-05,227.7,226.3,247.4,157.2,415.7,232.6,99.8,,66.0,100.0,82.8,962.7,375.1
2019-04-12,227.7,226.3,247.3,157.2,415.8,232.6,99.2,,65.9,100.0,82.4,968.0,375.7
2019-04-19,226.1,224.7,245.7,156.7,415.4,231.9,99.2,,66.6,100.0,82.1,967.5,375.6
2019-04-26,230.1,228.7,249.8,157.9,419.1,233.6,98.9,,65.4,100.0,81.9,978.8,379.1
2019-05-03,229.2,227.8,248.9,157.7,419.1,233.2,99.2,,63.8,100.0,81.3,980.9,379.3
2019-05-10,230.1,228.7,249.8,157.9,418.1,233.7,99.0,,63.5,100.0,81.1,961.1,375.6
2019-05-17,231.6,230.2,251.4,158.3,418.4,234.4,100.2,,64.2,100.0,82.0,953.6,374.7
2019-05-24,233.3,231.8,253.1,158.8,417.7,235.2,100.5,,64.5,100.0,82.2,943.4,373.2
2019-05-31,237.9,236.2,257.6,160.0,417.7,237.3,101.5,,64.8,100.0,82.7,918.3,369.4
2019-06-07,243.7,241.9,263.5,161.7,421.7,239.8,102.0,,64.6,100.0,82.9,959.6,380.1
2019-06-14,244.3,242.4,264.1,161.8,422.2,240.0,101.7,,64.6,100.0,83.0,965.0,381.5
2019-06-21,251.2,249.2,271.1,163.7,424.7,243.0,100.4,,63.6,100.0,82.8,985.6,386.6
2019-06-28,252.0,249.9,271.8,163.9,424.4,243.3,99.6,,63.4,100.0,82.9,982.2,386.5
2019-07-05,251.7,249.7,271.7,163.9,426.4,243.1,99.9,,64.1,100.0,82.9,1000.5,390.5
2019-07-12,251.0,248.9,270.8,163.7,424.5,242.9,99.7,,63.8,100.0,82.3,1007.8,391.5
2019-07-19,251.6,249.5,271.4,163.8,424.2,243.2,99.4,,62.4,100.0,82.0,996.2,389.6
2019-07-26,252.7,250.6,272.6,164.2,426.0,243.6,99.1,,65.2,100.0,80.9,1012.4,393.1
2019-08-02,256.6,254.2,276.3,165.5,429.0,245.7,98.1,,64.7,100.0,82.0,980.9,388.4
2019-08-09,260.4,257.4,279.6,166.6,429.5,247.9,99.8,,63.8,100.0,83.1,977.6,389.1
2019-08-16,265.2,262.1,284.5,168.1,434.0,250.2,100.0,,62.9,100.0,82.0,968.3,389.0
2019-08-23,266.5,263.3,285.8,168.6,435.6,250.8,99.9,,60.0,100.0,80.9,954.9,386.1
2019-08-30,268.6,265.7,288.1,169.2,437.6,251.7,99.8,,60.0,100.0,81.0,980.4,392.6
2019-09-06,267.8,264.8,287.3,169.0,435.2,251.6,99.2,,62.2,100.0,80.1,999.1,396.5
2019-09-13,258.2,255.6,277.7,166.3,428.3,247.5,96.3,,61.0,100.0,79.8,1009.3,394.8
2019-09-20,265.3,262.4,284.7,168.2,432.7,250.5,96.9,,60.2,100.0,80.4,1004.5,395.8
2019-09-27,264.8,261.8,284.2,168.1,432.0,250.4,96.8,,60.1,100.0,81.0,994.8,394.1
2019-10-04,269.5,266.3,288.8,169.4,434.4,252.5,96.8,,58.5,100.0,80.0,991.3,395.5
2019-10-11,264.5,261.3,283.7,167.8,428.2,250.4,96.4,,59.8,100.0,81.6,997.8,394.4
2019-10-18,266.6,263.3,285.7,168.4,427.3,251.4,96.2,,59.8,100.0,80.9,1003.5,395.9
2019-10-25,266.9,263.5,285.9,168.4,426.5,251.5,95.0,,61.4,100.0,80.9,1015.7,398.2
2019-11-01,268.5,265.1,287.6,168.9,426.1,252.3,94.5,,61.5,100.0,80.4,1031.0,402.9
2019-11-08,260.7,257.5,279.7,166.7,422.0,248.9,93.7,,61.8,100.0,79.8,1040.4,402.3
2019-11-15,264.3,261.1,283.4,167.8,423.3,250.6,94.6,,62.8,100.0,79.4,1050.0,405.9
2019-11-22,265.1,261.8,284.1,168.0,423.0,251.0,95.2,,62.0,100.0,79.4,1047.2,406.0
2019-11-29,266.7,263.4,285.8,168.5,424.5,251.7,95.4,,62.0,100.0,79.3,1058.5,408.5
2019-12-06,266.7,263.3,285.7,168.4,425.2,251.6,95.2,,60.4,100.0,79.4,1060.4,408.3
2019-12-13,268.0,264.8,287.3,168.9,428.0,252.3,94.9,,57.5,100.0,79.3,1068.6,410.5
2019-12-20,268.8,265.6,288.1,169.2,430.3,252.5,94.7,,57.2,100.0,78.9,1085.4,413.3
2019-12-27,270.6,267.5,290.1,170.0,432.2,253.6,94.3,,56.7,100.0,78.9,1092.6,415.5
2020-01-03,273.3,270.5,293.2,170.9,432.9,255.4,94.4,,56.2,100.0,78.9,1091.1,416.4
2020-01-10,273.0,270.1,292.7,170.8,432.8,255.2,94.8,,56.0,100.0,78.2,1102.3,418.6
2020-01-17,274.2,271.4,294.1,171.4,436.3,255.7,94.2,,56.5,100.0,78.3,1123.4,423.5
2020-01-24,275.7,272.8,295.6,171.7,432.0,257.0,95.1,,53.9,100.0,77.9,1112.6,422.8
2020-01-31,278.5,275.6,298.5,172.3,424.3,258.7,95.2,,53.9,100.0,78.9,1088.8,419.8
2020-02-07,278.8,275.9,298.8,172.6,431.8,258.7,94.7,,53.9,100.0,78.4,1124.2,427.0
2020-02-14,281.9,278.8,301.8,173.4,435.1,259.8,95.8,,55.1,100.0,77.7,1142.5,431.2
2020-02-21,285.8,282.9,306.0,174.7,436.3,261.9,94.9,,53.3,100.0,78.0,1128.6,429.5
2020-02-28,280.6,278.0,302.1,173.7,415.4,261.6,95.8,,51.9,100.0,80.0,1002.6,404.5
2020-03-06,290.9,287.9,317.6,177.7,421.3,267.9,97.0,,51.9,100.0,77.2,1006.7,410.4
2020-03-13,271.3,269.1,278.8,167.6,396.7,252.7,99.0,,51.9,100.0,78.4,911.4,384.2
2020-03-20,259.3,257.3,256.1,161.7,402.3,242.3,102.5,,51.9,100.0,77.5,778.9,353.1
2020-03-27,276.1,273.9,286.8,170.0,406.9,258.1,100.1,,49.3,100.0,75.5,862.7,378.4
2020-04-03,274.8,272.6,284.3,169.4,408.4,256.9,102.9,,49.3,100.0,74.2,844.9,375.3
2020-04-10,282.7,280.2,298.9,173.1,402.7,264.1,97.6,,54.2,100.0,69.6,947.0,400.9
2020-04-17,282.1,279.6,297.7,172.8,403.4,263.5,100.0,,51.0,100.0,69.5,975.8,409.3
2020-04-24,282.1,279.7,297.9,173.0,407.2,263.5,100.3,,51.0,100.0,68.8,963.3,406.8
2020-05-01,281.4,278.9,296.4,172.5,405.8,262.9,99.1,,52.9,100.0,66.4,962.7,406.4
2020-05-08,281.5,279.1,296.6,172.5,403.5,263.1,100.4,,54.3,100.0,64.2,995.5,414.4
2020-05-15,281.3,278.8,296.2,172.5,405.6,262.9,104.0,,54.3,99.6,65.9,974.5,409.8
2020-05-22,282.9,280.4,299.1,173.2,403.0,264.3,99.8,,54.4,99.8,66.1,1005.7,417.6
2020-05-29,285.1,282.4,301.2,173.6,400.2,265.4,97.7,,54.6,99.9,66.0,1036.0,425.2
2020-06-05,283.4,280.7,299.5,173.0,395.2,264.7,97.0,,54.6,99.9,66.4,1087.1,434.7
2020-06-12,286.5,283.7,302.4,173.8,394.8,266.1,98.9,,63.1,99.9,66.3,1035.6,424.8
2020-06-19,287.8,285.0,303.6,174.1,395.2,266.7,101.1,,62.7,99.9,65.9,1055.3,429.9
2020-06-26,288.4,285.7,304.3,174.3,395.7,267.0,102.3,,61.4,99.9,65.5,1025.9,423.3
2020-07-03,289.9,287.2,305.7,174.7,395.6,267.6,102.3,,61.1,99.9,65.2,1067.6,433.4
2020-07-10,290.9,288.2,306.7,175.0,395.9,268.1,103.6,,58.1,99.9,64.5,1085.9,438.1
2020-07-17,293.2,290.5,308.9,175.6,396.8,269.0,102.6,,58.1,99.9,65.7,1100.0,441.7
2020-07-24,296.6,293.9,312.2,176.5,400.5,270.3,102.5,,58.4,99.9,65.1,1097.1,441.5
2020-07-31,300.3,297.7,315.8,177.5,402.6,271.9,103.9,,59.3,99.9,64.2,1116.4,446.8
2020-08-07,301.7,299.2,317.2,177.9,404.0,272.4,102.6,,61.4,99.9,64.0,1143.9,453.2
2020-08-14,295.9,293.5,311.8,176.4,400.9,270.1,101.0,,60.9,99.9,64.1,1151.7,453.4
2020-08-21,298.1,295.7,313.9,177.0,402.8,270.9,103.3,,61.7,99.9,63.7,1160.7,456.6
2020-08-28,297.8,295.3,313.6,176.9,404.4,270.7,102.2,,61.1,99.9,63.8,1198.7,464.3
2020-09-04,297.2,294.7,313.0,176.7,402.7,270.5,101.1,,60.8,99.9,63.9,1171.3,458.3
2020-09-11,297.4,295.2,313.4,176.8,402.1,270.9,101.9,,59.1,99.9,64.1,1142.2,452.3
2020-09-18,297.4,295.4,313.6,176.8,403.4,270.8,101.4,,60.7,99.9,65.0,1135.1,450.2
2020-09-25,295.6,293.4,311.7,176.2,396.9,270.2,103.4,,59.1,99.9,65.0,1128.5,449.2
2020-10-02,297.0,294.9,313.1,176.6,399.4,270.7,102.4,,61.3,99.9,63.8,1146.0,453.0
2020-10-09,297.4,295.4,313.7,176.8,404.8,270.6,102.5,,62.5,99.9,63.5,1190.7,462.5
2020-10-16,297.0,295.1,313.3,176.7,402.9,270.6,104.5,,62.4,99.9,62.5,1192.2,463.3
2020-10-23,295.7,293.8,312.1,176.4,404.9,270.0,102.4,,63.7,99.9,62.6,1187.0,460.8
2020-10-30,293.0,291.1,309.5,175.7,397.7,269.3,101.7,,61.7,99.9,64.5,1121.0,444.8
2020-11-06,296.7,294.8,313.1,176.8,407.4,270.5,102.4,,61.8,99.9,63.0,1202.0,464.7
2020-11-13,296.4,294.5,312.7,176.7,408.1,270.3,97.5,,63.7,99.9,64.9,1229.3,470.2
2020-11-20,298.0,296.2,314.4,177.2,410.1,271.0,97.5,,64.4,99.9,65.0,1219.8,468.9
2020-11-27,298.5,296.5,314.7,177.3,412.1,271.0,98.6,,64.4,99.9,64.4,1248.4,475.4
2020-12-04,298.5,296.6,314.8,177.3,413.9,270.8,99.2,,65.5,99.9,65.2,1269.6,478.6
2020-12-11,299.5,297.5,315.7,177.6,413.4,271.4,99.2,,64.0,99.9,65.3,1257.4,477.2
2020-12-18,301.0,299.0,317.0,178.0,417.8,271.5,101.7,,65.6,99.9,64.8,1272.7,479.9
2020-12-25,301.1,299.1,317.2,178.0,417.2,271.7,102.1,,63.4,99.9,64.4,1272.1,480.1
2021-01-01,302.4,300.4,318.4,178.4,419.2,272.1,101.2,,65.6,99.9,63.6,1288.9,484.1
2021-01-08,302.2,299.9,317.9,178.3,422.0,270.7,102.7,,67.9,99.9,63.3,1314.4,487.1
2021-01-15,300.8,298.3,316.4,177.7,419.5,270.8,102.8,,66.6,99.9,63.9,1295.2,483.1
2021-01-22,302.8,300.5,318.5,178.5,422.5,271.3,104.1,,65.8,99.9,62.8,1320.0,488.9
2021-01-29,300.0,297.5,315.6,177.3,417.8,271.3,103.4,,63.4,99.9,61.9,1275.8,479.2
2021-02-05,303.3,300.8,318.8,178.7,423.4,271.1,104.7,,65.8,99.9,62.4,1336.6,491.6
2021-02-12,306.5,303.9,321.8,180.0,428.1,271.1,104.1,,67.5,99.9,62.5,1353.6,495.3
2021-02-19,306.2,303.5,321.4,180.0,428.8,269.7,101.4,,66.3,99.9,62.6,1344.6,491.2
2021-02-26,302.5,299.6,317.6,178.2,424.6,268.7,99.0,,66.4,99.9,63.5,1311.3,482.6
2021-03-05,302.7,300.0,318.0,178.5,425.7,267.6,97.9,,65.8,99.9,64.1,1322.5,483.0
2021-03-12,305.6,303.3,321.2,180.3,430.4,267.5,97.4,,69.1,99.9,62.9,1358.5,489.9
2021-03-19,304.3,301.9,319.9,179.7,429.0,267.0,96.3,100.0,71.0,99.9,62.9,1347.1,486.0
2021-03-26,304.8,302.7,320.7,179.9,429.1,268.3,95.5,100.0,71.0,99.9,61.8,1369.6,491.8
2021-04-02,305.6,303.8,321.7,180.3,430.3,268.6,96.0,100.0,71.0,99.9,62.4,1385.6,495.0
2021-04-09,307.0,305.7,323.5,181.1,432.3,268.8,96.6,100.0,71.1,99.9,62.2,1423.2,503.5
2021-04-16,309.5,308.5,326.2,182.3,435.3,269.8,96.8,100.0,68.6,99.9,62.3,1443.2,509.0
2021-04-23,310.7,309.6,327.3,182.7,436.3,270.2,96.9,100.6,70.6,99.9,61.7,1441.4,509.0
2021-04-30,311.2,310.1,327.7,183.0,437.3,270.2,95.5,100.6,70.8,99.9,61.4,1443.3,508.5
2021-05-07,314.6,313.8,331.3,184.6,441.5,271.2,94.1,102.6,68.7,99.9,61.3,1460.0,513.0
2021-05-14,312.0,311.5,329.0,183.6,438.8,270.7,92.2,102.0,67.0,99.9,60.4,1440.8,508.4
2021-05-21,311.9,311.5,329.0,183.5,438.7,270.9,92.4,101.5,67.0,99.9,60.2,1435.2,507.3
2021-05-28,315.0,314.3,331.7,184.9,442.4,271.7,92.9,102.2,66.4,99.9,59.9,1452.8,511.4
2021-06-04,316.9,316.0,333.4,185.6,444.2,272.4,92.6,102.7,66.7,99.9,59.8,1461.7,514.1
2021-06-11,318.2,317.4,334.7,186.2,445.4,273.2,92.5,102.6,65.4,99.9,59.3,1467.6,516.8
2021-06-18,311.2,309.9,327.6,182.8,435.6,272.0,92.5,101.2,63.9,99.9,59.4,1439.8,510.9
2021-06-25,314.7,313.6,331.1,184.4,441.4,272.0,92.9,103.0,64.6,99.9,58.4,1480.4,518.3
2021-07-02,316.5,315.5,332.9,185.1,442.9,273.1,93.0,103.4,64.6,99.9,57.3,1505.0,525.2
2021-07-09,315.4,314.2,331.6,184.4,440.7,273.8,93.4,103.8,65.0,99.9,57.0,1511.3,527.7
2021-07-16,314.8,313.8,331.3,184.3,439.6,274.1,91.7,103.6,63.6,99.9,56.3,1496.8,525.7
2021-07-23,316.9,316.0,333.4,185.0,442.8,274.8,92.0,104.4,67.4,99.9,54.7,1526.6,532.5
2021-07-30,318.1,317.0,334.3,185.3,443.3,275.4,92.1,104.5,68.0,99.9,55.3,1521.7,532.3
2021-08-06,316.2,315.3,332.7,184.7,442.8,274.2,92.5,105.3,68.1,99.9,54.7,1535.5,534.1
2021-08-13,317.2,316.3,333.6,185.0,443.7,274.6,92.1,105.0,68.0,99.9,54.8,1547.4,537.0
2021-08-20,315.9,314.9,332.3,184.6,441.4,274.6,91.4,104.7,66.3,99.9,55.4,1538.5,535.7
2021-08-27,318.8,317.7,335.0,185.4,444.5,275.5,92.2,105.3,69.0,99.9,56.0,1562.4,540.0
2021-09-03,319.9,318.7,336.0,185.7,445.2,275.9,92.2,105.1,69.6,99.9,55.5,1572.2,541.9
2021-09-10,318.1,317.0,334.3,185.2,444.4,275.2,92.9,104.1,68.3,99.9,55.6,1545.7,536.1
2021-09-17,317.4,316.3,333.6,185.0,444.7,274.9,93.2,104.2,69.4,99.9,55.6,1536.6,533.6
2021-09-24,316.1,315.1,332.5,184.6,444.9,273.9,93.0,104.2,71.3,99.9,55.2,1545.3,534.0
2021-10-01,314.7,313.4,330.9,184.0,441.1,273.8,91.5,103.1,69.2,99.9,56.4,1511.7,527.0
2021-10-08,312.5,311.0,328.6,183.3,441.4,272.2,91.3,103.4,68.5,99.9,56.1,1524.3,527.5
2021-10-15,316.3,315.2,332.6,184.3,446.2,273.1,92.2,103.9,68.5,99.9,55.3,1552.2,533.6
2021-10-22,315.2,314.0,331.5,183.9,444.7,272.6,92.5,104.6,68.5,99.9,55.3,1577.4,537.6
2021-10-29,316.3,315.5,332.9,184.3,446.2,273.2,94.8,104.7,68.8,99.9,54.6,1598.7,543.3
2021-11-05,319.6,318.8,336.1,185.4,447.2,275.4,93.9,105.8,67.7,99.9,54.9,1631.0,552.0
2021-11-12,318.5,317.6,334.9,184.8,447.3,274.1,93.9,107.3,67.8,99.9,55.2,1626.6,549.1
2021-11-19,318.0,317.2,334.6,184.7,447.5,273.9,95.6,106.2,66.6,99.9,54.4,1632.3,550.7
2021-11-26,313.2,311.6,329.1,182.7,441.0,273.0,96.4,104.9,65.5,99.9,55.4,1597.8,544.7
2021-12-03,313.8,312.3,329.8,183.0,439.0,274.2,96.0,104.1,65.5,99.9,54.8,1578.4,542.9
2021-12-10,313.5,312.0,329.6,182.8,443.0,273.1,95.0,105.7,63.3,99.9,53.5,1638.7,553.3
2021-12-17,314.2,312.6,330.1,183.1,442.8,274.1,93.4,105.1,63.3,99.9,53.7,1606.5,548.3
2021-12-24,315.2,314.0,331.4,183.4,444.1,274.3,93.1,105.5,65.9,99.9,52.3,1644.0,554.7
2021-12-31,316.4,315.3,332.7,183.8,444.7,275.1,93.7,106.7,65.4,99.9,52.5,1659.2,557.1
2022-01-07,311.1,309.7,327.3,181.7,443.7,270.0,91.7,105.3,65.0,99.9,53.5,1628.2,546.6
2022-01-14,310.6,309.4,327.1,181.5,443.4,269.6,90.8,105.3,62.1,99.9,53.4,1623.5,545.3
2022-01-21,307.6,306.0,323.8,180.2,439.6,269.0,89.5,103.7,62.1,99.9,53.9,1530.0,526.9
2022-01-28,308.4,306.7,324.5,180.5,442.1,267.3,89.6,104.2,59.9,99.9,52.9,1543.9,529.2
2022-02-04,308.0,307.4,325.2,180.8,443.9,264.8,90.2,104.9,63.9,99.9,52.0,1567.5,531.7
2022-02-11,308.8,308.6,326.3,181.3,446.2,263.8,90.1,103.7,63.4,99.9,52.2,1538.7,525.8
2022-02-18,308.4,308.3,326.6,181.4,446.7,263.9,91.2,102.8,63.4,99.9,52.8,1516.9,521.5
2022-02-25,308.6,308.5,327.0,181.7,447.5,264.4,91.5,102.8,62.1,99.9,53.1,1529.2,523.5
2022-03-04,311.7,312.0,333.7,185.5,457.2,267.5,92.6,104.0,62.4,99.9,52.6,1509.7,523.8
2022-03-11,310.6,311.1,332.0,185.8,459.0,263.3,91.8,101.0,61.2,99.9,52.9,1467.5,510.6
2022-03-18,308.9,309.6,329.1,182.5,450.2,262.5,91.3,102.2,61.7,99.9,51.7,1557.7,526.4
2022-03-25,310.8,311.2,331.0,184.8,457.5,258.0,93.0,102.8,61.7,99.9,51.7,1586.3,526.4
2022-04-01,309.0,309.4,329.2,183.0,452.3,259.5,92.7,103.9,63.3,99.9,52.1,1587.1,527.9
2022-04-08,310.3,310.7,330.5,185.3,459.5,254.8,93.4,104.5,62.4,99.9,52.7,1568.4,519.3
2022-04-15,312.5,313.2,332.9,186.8,463.6,253.5,92.7,104.6,63.4,99.9,53.9,1534.1,511.0
2022-04-22,312.4,313.4,333.0,187.6,466.3,251.3,92.3,102.6,64.3,99.9,54.2,1493.0,501.5
2022-04-29,311.8,313.0,333.1,188.2,468.4,249.1,92.1,100.0,65.0,99.9,54.8,1443.8,491.8
2022-05-06,311.7,313.1,333.3,189.0,471.4,245.4,93.8,99.8,64.4,99.9,53.3,1441.4,488.4
2022-05-13,311.7,313.4,333.7,189.4,472.3,245.5,92.6,97.8,64.0,99.9,52.6,1407.7,484.5
2022-05-20,311.5,313.2,333.5,188.8,470.4,246.8,92.2,95.6,61.3,99.9,54.2,1365.4,478.2
2022-05-27,311.7,313.1,333.3,186.5,463.2,251.6,91.7,97.7,60.6,99.9,53.8,1455.2,498.0
2022-06-03,311.5,313.1,333.3,187.7,467.2,248.4,92.0,97.5,60.5,99.9,53.6,1438.6,491.4
2022-06-10,311.4,313.1,333.3,190.4,475.5,243.0,91.9,96.4,60.2,99.9,53.8,1366.0,473.0
2022-06-17,310.9,312.6,332.3,191.9,480.4,239.2,92.1,94.6,59.9,99.9,54.8,1287.6,455.7
2022-06-24,311.0,312.6,332.3,190.0,474.7,241.9,90.3,95.1,58.2,99.9,54.5,1372.8,475.4
2022-07-01,311.3,312.9,332.9,190.4,475.4,243.9,91.2,93.8,58.0,99.9,54.2,1341.7,473.1
2022-07-08,311.2,312.9,332.8,191.1,478.1,240.5,90.9,93.9,57.0,99.9,54.0,1367.9,475.4
2022-07-15,311.6,313.2,333.4,191.9,479.8,242.1,90.9,93.7,57.0,99.9,53.2,1355.4,475.2
2022-07-22,312.1,313.6,334.2,189.7,472.9,246.0,89.7,94.2,55.2,99.9,52.5,1390.5,485.4
2022-07-29,312.1,313.4,335.1,187.4,465.9,249.6,91.1,95.9,53.6,99.9,51.4,1450.0,499.6
2022-08-05,311.2,312.6,334.2,187.8,467.5,246.8,90.7,96.2,55.2,99.9,51.4,1455.2,498.0
2022-08-12,311.5,312.9,334.5,186.1,462.6,248.9,90.5,99.0,55.0,99.9,50.7,1503.1,508.0
2022-08-19,311.3,312.7,334.4,188.1,468.8,245.1,91.7,97.7,56.1,99.9,51.0,1485.7,502.1
2022-08-26,311.1,312.6,334.3,189.0,471.7,243.4,92.0,94.9,56.0,99.9,51.8,1426.4,489.1
2022-09-02,309.6,311.0,333.3,190.9,477.7,239.3,91.4,93.7,55.4,99.9,52.1,1380.4,477.2
2022-09-09,308.6,309.9,331.8,189.3,473.4,239.1,90.7,96.1,53.1,99.9,51.8,1431.0,486.1
2022-09-16,308.8,310.4,332.7,191.6,480.4,234.6,91.6,94.0,53.0,99.9,51.2,1362.5,470.2
2022-09-23,310.1,311.9,335.6,195.9,493.5,229.0,92.1,92.0,57.7,99.9,52.1,1300.3,453.7
2022-09-30,310.1,312.0,335.7,197.2,497.9,225.8,92.3,91.6,59.9,99.9,52.3,1262.2,444.2
2022-10-07,309.6,311.4,334.7,195.9,494.0,226.1,92.9,91.6,57.5,99.9,52.0,1282.0,447.4
2022-10-14,309.1,311.0,333.9,197.8,500.0,223.2,93.4,91.7,57.6,99.9,51.7,1263.8,441.9
2022-10-21,309.0,310.8,333.5,196.2,495.8,222.6,94.9,92.3,55.8,99.9,50.5,1322.7,452.0
2022-10-28,309.7,311.4,334.7,194.2,489.4,226.8,95.6,95.1,56.2,96.9,49.7,1374.7,466.0
2022-11-04,309.3,311.1,334.1,193.9,489.1,224.6,96.9,93.6,56.4,95.4,50.7,1330.0,454.5
2022-11-11,310.1,311.7,335.1,188.8,472.8,231.6,94.5,97.2,54.8,95.6,48.8,1408.3,475.5
2022-11-18,310.0,311.6,335.0,189.0,474.2,231.0,95.0,96.5,55.1,95.6,48.9,1399.5,474.2
2022-11-25,310.4,311.9,335.6,188.0,469.8,233.9,95.4,97.4,54.9,95.6,48.5,1421.8,480.6
2022-12-02,311.1,312.4,336.6,186.6,462.3,238.6,95.8,97.8,53.9,95.6,48.2,1438.0,487.4
2022-12-09,310.4,311.8,336.5,187.1,466.6,237.1,94.9,95.3,56.6,95.6,49.3,1389.8,476.0
2022-12-16,310.2,311.9,336.7,187.5,467.0,237.7,94.3,95.0,57.4,95.6,49.8,1360.6,471.9
2022-12-23,309.7,311.3,336.1,186.7,467.2,236.1,94.1,95.1,56.5,95.6,49.8,1359.4,468.1
2022-12-30,309.6,311.2,335.9,186.3,468.0,234.8,92.4,95.1,56.3,95.6,49.5,1357.7,465.9
2023-01-06,310.6,311.7,336.7,187.4,465.4,239.6,91.2,96.6,55.9,95.6,49.1,1377.7,475.1
2023-01-13,312.3,314.2,339.1,189.2,466.9,243.0,91.1,96.8,52.9,95.6,48.4,1414.7,483.9
2023-01-20,312.3,314.3,339.2,189.3,466.9,243.2,90.5,96.2,54.4,95.6,48.1,1405.4,482.4
2023-01-27,312.3,314.1,339.0,189.3,465.8,243.6,90.6,97.5,52.4,96.3,47.5,1440.2,489.3
2023-02-03,311.4,312.8,337.7,188.6,464.3,243.0,89.7,98.6,50.5,97.8,47.2,1463.9,493.7
2023-02-10,309.7,310.8,335.8,187.4,463.2,239.6,89.3,97.9,52.1,99.2,47.3,1448.6,487.3
2023-02-17,309.3,310.4,335.4,187.3,463.5,238.4,89.1,98.3,51.5,99.2,47.4,1445.8,485.7
2023-02-24,307.3,308.2,333.2,186.2,462.0,235.6,89.7,96.1,52.2,99.2,47.9,1407.2,475.7
2023-03-03,308.9,310.0,335.0,187.1,463.2,237.7,91.1,97.8,50.7,99.2,47.5,1434.9,481.4
2023-03-10,307.2,307.9,332.9,186.1,459.2,237.8,91.7,93.8,53.0,99.2,46.9,1370.0,472.6
2023-03-17,307.6,308.1,333.1,187.3,457.2,242.8,91.2,93.7,50.8,99.2,45.8,1389.8,480.5
2023-03-24,308.9,309.6,334.7,188.0,456.0,244.2,91.2,93.8,50.5,99.2,45.1,1410.3,486.1
2023-03-31,313.6,314.0,338.9,188.9,455.4,245.3,91.5,95.0,50.6,99.2,45.5,1458.9,494.6
2023-04-07,317.9,318.8,343.6,190.3,453.6,247.3,92.0,94.2,50.9,99.2,45.5,1458.2,497.6
2023-04-14,314.8,314.8,339.7,189.0,455.3,245.4,91.7,94.2,51.1,99.2,45.8,1469.9,496.8
2023-04-21,312.9,312.7,337.6,188.4,455.5,244.6,91.9,94.3,51.2,99.2,46.0,1468.9,496.0
2023-04-28,317.5,317.9,342.7,189.9,456.6,246.6,90.5,93.8,51.0,99.2,44.8,1482.2,501.1
2023-05-05,317.5,317.8,342.6,189.9,457.5,246.6,90.9,93.3,51.9,99.2,45.3,1470.5,499.2
2023-05-12,314.8,315.0,340.0,189.2,456.8,245.6,92.9,92.9,52.0,99.2,44.7,1466.8,498.0
2023-05-19,307.9,307.7,332.8,186.6,456.1,242.1,92.3,92.9,52.6,99.2,43.7,1491.8,499.4
2023-05-26,303.5,303.1,328.3,185.2,454.3,240.3,92.6,91.9,52.8,99.2,42.4,1496.8,499.0
2023-06-02,308.6,308.4,333.4,187.0,455.7,242.9,92.8,92.1,54.6,99.2,41.5,1524.9,505.9
2023-06-09,309.5,309.0,334.0,187.0,456.2,242.8,91.6,92.4,55.5,99.2,41.6,1532.0,506.5
2023-06-16,312.3,312.3,337.3,187.9,459.1,243.6,91.3,94.5,54.9,99.2,41.3,1571.9,514.3
2023-06-23,308.2,307.4,332.5,186.4,456.1,241.7,90.8,93.2,53.7,99.2,40.9,1549.5,510.4
2023-06-30,311.3,311.2,336.2,187.7,458.7,243.3,90.5,93.7,53.7,99.2,40.6,1585.6,516.4
2023-07-07,307.0,305.9,331.0,185.6,455.8,240.5,90.1,93.4,53.7,99.2,40.7,1568.6,509.3
2023-07-14,313.4,313.7,338.7,188.5,458.6,245.0,90.3,94.9,53.7,99.2,40.5,1607.0,520.9
2023-07-21,314.2,314.8,339.8,189.0,459.7,245.6,89.4,94.5,53.6,99.2,40.8,1617.4,522.8
2023-07-28,314.1,315.0,340.0,188.7,461.1,244.5,89.9,94.6,53.7,99.2,40.4,1634.3,524.3
2023-08-04,311.4,311.1,336.1,187.3,457.6,243.0,90.1,93.8,53.4,99.2,40.4,1598.2,516.6
2023-08-11,310.7,310.3,335.3,186.9,458.4,241.8,90.2,94.2,52.9,99.2,40.4,1594.0,513.8
2023-08-18,308.2,306.5,331.7,185.4,455.9,239.5,90.2,92.7,53.1,99.2,40.5,1561.3,506.3
2023-08-25,309.4,308.6,333.7,186.2,457.0,240.8,90.4,92.0,53.1,99.2,40.1,1573.7,508.9
2023-09-01,312.5,313.0,338.0,187.9,460.5,243.1,89.6,93.3,53.1,99.2,39.5,1613.8,517.9
2023-09-08,311.2,311.0,336.1,187.1,459.7,241.8,89.4,92.8,53.6,99.2,39.3,1593.6,512.9
2023-09-15,312.3,312.6,337.6,187.6,462.0,241.6,90.1,92.0,53.5,99.2,39.2,1591.5,511.6
2023-09-22,309.7,309.7,334.8,186.7,460.2,239.6,90.2,90.8,53.3,99.2,39.5,1545.0,501.2
2023-09-29,307.6,307.1,332.3,185.7,458.7,236.6,90.1,90.6,53.3,99.2,39.6,1534.4,497.3
2023-10-06,306.4,305.7,330.9,185.5,458.6,234.3,90.9,90.6,51.6,99.2,38.5,1541.8,496.0
2023-10-13,307.9,307.7,332.8,185.9,459.2,237.7,89.8,90.6,51.2,99.2,38.1,1548.9,499.9
2023-10-20,307.9,308.8,333.9,186.9,462.3,235.7,89.0,90.2,50.4,99.2,39.1,1511.9,488.9
2023-10-27,307.6,308.7,333.8,186.8,461.7,237.0,89.4,88.7,50.4,99.2,39.0,1474.1,482.9
2023-11-03,309.0,308.5,333.6,185.9,457.6,242.6,90.1,92.8,50.9,99.2,38.2,1560.3,503.7
2023-11-10,308.5,307.8,332.9,185.8,458.5,240.3,91.6,93.0,50.2,99.2,38.0,1581.6,506.8
2023-11-17,309.0,306.8,332.0,185.1,454.9,244.3,91.1,94.6,50.7,99.2,38.7,1618.1,516.8
2023-11-24,309.3,306.9,332.1,185.2,454.2,245.0,90.7,95.5,51.5,99.2,38.7,1634.3,519.3
2023-12-01,312.7,312.7,337.7,187.2,452.7,251.2,90.2,97.1,51.4,99.2,39.1,1647.9,526.5
2023-12-08,310.2,309.9,335.0,186.3,451.5,249.8,91.5,97.3,51.4,99.2,39.1,1651.9,527.1
2023-12-15,318.5,320.3,345.2,189.8,455.5,255.4,89.8,98.6,57.0,99.2,39.3,1691.5,539.9
2023-12-22,321.0,323.5,348.3,190.8,457.8,256.9,89.9,97.9,56.4,99.2,39.2,1707.1,543.3
2023-12-29,322.0,324.9,349.7,191.3,458.7,257.6,89.9,98.5,56.4,99.2,39.2,1713.0,544.9
2024-01-05,317.7,319.4,344.3,189.5,456.0,254.9,89.9,97.1,57.3,99.2,39.5,1686.4,537.5
2024-01-12,322.7,325.6,350.3,191.5,459.8,257.9,91.8,97.1,56.7,99.2,38.5,1718.0,545.5
2024-01-19,318.6,320.4,345.3,189.9,458.8,255.1,94.1,97.4,56.2,99.2,36.5,1738.7,546.5
2024-01-26,319.4,321.4,346.3,190.3,460.4,255.4,93.9,97.7,55.3,99.2,36.6,1756.6,550.0
2024-02-02,321.7,323.9,348.7,191.0,462.3,256.2,96.2,98.3,57.1,99.2,36.5,1781.7,556.7
2024-02-09,320.3,322.1,346.9,190.5,462.7,255.0,95.9,97.9,56.9,99.2,36.6,1806.3,558.8
2024-02-16,318.4,319.6,344.5,189.7,461.7,253.5,94.8,98.4,55.0,99.2,36.9,1800.3,555.9
2024-02-23,321.6,323.3,348.2,191.0,465.8,254.8,95.6,99.4,55.3,99.2,36.4,1830.3,562.2
2024-03-01,325.4,327.9,352.6,192.5,468.5,257.1,96.3,99.3,56.1,99.2,36.3,1848.3,567.0
2024-03-08,329.6,333.4,358.1,194.2,470.8,260.2,96.8,99.7,55.1,99.2,36.4,1844.3,568.2
2024-03-15,325.2,328.0,352.7,192.4,469.0,257.1,97.2,100.1,54.1,99.2,36.4,1843.2,564.3
2024-03-22,330.3,333.5,358.1,194.2,473.8,259.1,98.3,101.5,54.5,99.2,35.4,1884.3,573.9
2024-03-29,333.6,337.5,362.0,195.4,476.9,260.7,96.8,101.6,54.6,99.2,35.7,1891.0,575.5
2024-04-05,332.0,335.7,360.3,194.9,476.9,259.8,97.8,101.2,54.6,99.2,35.9,1874.2,569.4
2024-04-12,327.8,330.8,355.5,193.4,473.3,258.0,97.2,100.1,53.6,99.2,35.7,1846.8,562.4
2024-04-19,324.9,327.7,352.5,192.5,471.2,256.8,96.5,100.0,56.0,99.2,36.1,1790.1,550.6
2024-04-26,327.4,330.0,354.7,193.1,475.9,257.1,95.8,100.9,57.3,99.2,36.0,1837.5,558.7
2024-05-03,331.8,334.9,359.5,194.4,472.9,259.7,95.7,101.6,55.3,99.2,35.8,1848.4,563.8
2024-05-10,335.2,338.6,363.1,195.5,477.8,260.6,96.4,103.5,55.3,99.2,35.7,1883.0,570.2
2024-05-17,341.3,345.9,370.3,197.9,484.6,262.9,95.8,105.0,56.7,99.2,35.4,1914.1,577.4
2024-05-24,338.5,342.6,367.0,196.7,482.5,261.0,96.8,103.8,57.0,99.2,34.8,1914.1,576.8
2024-05-31,338.1,341.9,366.4,196.5,481.7,261.4,96.6,104.4,57.1,99.2,34.8,1906.6,575.2
2024-06-07,337.3,340.5,365.0,195.8,479.3,261.6,96.4,104.5,56.3,99.2,34.5,1930.6,580.7
2024-06-14,340.0,343.5,368.0,196.8,480.0,264.6,97.7,103.2,57.7,99.2,33.8,1962.3,590.5
2024-06-21,340.7,344.5,368.9,197.3,481.8,264.7,98.1,104.1,57.5,99.2,34.1,1974.9,592.2
2024-06-28,340.7,344.5,368.9,197.4,482.9,263.9,97.7,102.6,56.4,99.2,34.0,1973.8,590.2
2024-07-05,344.9,349.9,374.1,199.8,488.7,266.6,98.4,102.6,58.8,99.2,33.2,2011.6,599.0
2024-07-12,347.6,353.1,377.2,200.9,490.4,269.8,98.4,103.5,57.2,99.2,33.8,2031.0,604.5
2024-07-19,343.4,348.4,372.7,199.1,484.3,269.4,95.9,103.7,56.7,99.2,33.1,1991.1,596.5
2024-07-26,343.8,348.9,373.2,199.1,482.4,270.5,95.1,104.3,55.9,99.2,33.9,1974.6,594.6
2024-08-02,348.5,354.6,378.8,200.9,478.2,275.4,95.0,103.8,54.8,99.2,34.2,1932.8,594.4
2024-08-09,346.0,351.7,376.0,200.0,478.0,274.2,95.3,103.3,55.0,99.2,34.5,1933.1,592.1
2024-08-16,353.3,359.5,383.5,202.1,483.2,276.9,96.5,105.2,55.0,99.2,34.3,2010.4,607.3
2024-08-23,361.5,368.0,391.8,204.3,488.1,279.8,96.1,106.7,53.0,99.2,34.4,2038.8,614.2
2024-08-30,359.1,365.4,389.3,203.6,486.1,279.0,93.8,107.8,53.3,99.2,34.4,2044.4,613.4
2024-09-06,364.4,371.0,394.7,205.2,485.2,281.4,92.3,107.4,52.2,99.2,35.0,1959.8,602.0
2024-09-13,374.3,381.3,404.6,207.8,490.7,284.8,92.5,109.2,53.0,99.2,34.9,2038.4,617.7
2024-09-20,376.8,383.9,407.2,208.4,490.9,285.8,93.8,109.5,53.4,99.2,34.9,2067.3,621.8
2024-09-27,378.0,385.1,408.4,208.8,493.5,286.1,95.0,108.5,54.4,99.2,34.8,2079.0,623.9
2024-10-04,368.2,375.1,398.7,206.3,486.6,282.9,96.6,108.6,53.5,99.2,34.6,2084.5,620.7
2024-10-11,366.6,373.3,397.0,205.8,485.9,282.3,95.8,108.9,56.4,99.2,34.3,2108.5,623.4
2024-10-18,371.5,378.4,401.9,207.1,488.6,284.0,96.8,109.0,55.5,99.2,34.3,2126.8,626.9
2024-10-25,363.8,370.4,394.2,205.1,482.9,281.4,97.0,106.8,56.5,99.2,34.1,2106.6,620.6
2024-11-01,358.2,364.7,388.6,203.7,480.8,279.4,94.4,106.9,55.9,99.2,34.3,2077.5,613.1
2024-11-08,366.1,372.8,396.5,205.8,484.8,282.3,96.3,111.2,54.3,99.2,33.1,2176.2,631.9
2024-11-15,355.6,362.0,386.0,203.1,478.4,278.7,96.2,111.0,54.4,99.2,33.5,2131.0,621.7
2024-11-22,362.5,369.0,392.8,204.8,482.9,281.0,96.8,113.0,55.3,99.2,33.2,2166.5,628.6
2024-11-29,371.5,378.3,401.9,207.2,486.7,284.2,96.1,113.5,56.1,99.2,33.1,2192.1,637.4
2024-12-06,372.3,379.2,402.7,207.4,489.2,284.4,96.6,112.2,55.3,99.2,32.7,2211.2,641.7
2024-12-13,365.2,371.8,395.6,205.5,488.0,281.6,94.7,110.5,53.2,99.2,33.0,2198.1,635.2
2024-12-20,357.7,363.9,387.9,203.4,483.8,278.8,95.0,109.3,52.9,99.2,33.5,2157.9,626.1
2024-12-27,357.1,363.4,387.3,203.2,484.2,278.5,94.7,108.0,52.9,99.2,33.4,2171.9,627.2
2025-01-03,360.2,366.6,390.5,204.2,485.9,279.8,95.7,107.5,52.4,99.2,33.5,2160.8,626.0
2025-01-10,354.4,360.6,384.7,202.5,483.6,277.4,94.8,106.8,52.6,99.2,33.1,2118.9,616.0
2025-01-17,361.7,368.7,392.5,204.9,483.8,281.4,95.8,107.5,52.0,99.2,33.1,2181.3,629.9
2025-01-24,363.6,370.9,394.7,205.6,483.2,282.6,95.9,107.8,53.4,99.2,33.1,2219.3,636.5
2025-01-31,366.0,373.1,396.9,206.3,483.5,283.9,93.9,107.8,53.6,99.2,33.5,2196.8,634.1
2025-02-07,367.5,374.9,398.5,206.9,482.4,285.2,96.6,108.6,53.7,99.2,33.1,2193.0,634.6
2025-02-14,369.3,376.8,400.5,207.6,483.8,286.3,96.6,109.0,54.2,99.2,32.7,2225.6,640.8
2025-02-21,370.5,377.9,401.5,207.9,482.5,287.3,94.4,107.8,55.2,99.2,32.7,2189.9,635.7
2025-02-28,377.6,384.5,407.9,209.8,479.3,291.0,92.9,109.1,58.6,99.2,33.0,2168.9,636.4
2025-03-07,372.8,379.8,403.3,208.7,477.3,289.4,92.4,107.3,59.1,99.2,33.6,2102.3,623.0
2025-03-14,371.2,377.8,401.4,208.1,474.2,289.1,93.7,106.7,59.7,99.2,33.5,2054.4,614.8
2025-03-21,376.3,382.8,405.8,209.4,474.6,290.9,94.0,107.8,58.5,99.2,33.4,2064.9,618.1
2025-03-28,375.5,382.1,406.8,209.6,474.5,291.4,93.1,107.7,56.3,99.2,33.6,2034.4,612.9
2025-04-04,375.1,381.1,406.0,209.4,463.3,291.8,93.5,105.7,53.9,99.2,35.4,1850.0,583.8
2025-04-11,368.8,375.1,394.2,206.5,469.6,287.1,94.2,104.9,53.9,99.2,34.2,1954.9,596.6
2025-04-18,373.9,380.3,404.1,209.2,470.5,291.1,95.0,104.7,56.1,99.2,34.2,1927.3,594.6
2025-04-25,376.5,382.9,409.2,210.5,470.1,293.2,95.8,104.3,54.6,99.2,33.8,2016.0,612.3
2025-05-02,375.5,381.9,407.2,210.1,469.4,292.5,97.0,105.5,55.1,99.2,33.9,2075.0,622.5
2025-05-09,375.5,381.8,407.1,210.0,469.1,292.5,96.8,106.2,55.6,99.2,33.9,2066.2,620.1
2025-05-16,375.2,381.5,405.0,209.5,466.6,291.9,97.6,109.2,54.7,99.2,33.2,2175.5,638.6
2025-05-23,373.4,379.7,403.4,209.1,469.2,291.1,98.9,106.6,57.7,99.2,32.9,2120.3,628.3
2025-05-30,379.8,386.4,409.8,210.8,469.8,293.7,98.7,107.9,58.0,99.2,32.5,2157.9,637.2
2025-06-06,376.0,382.5,406.0,209.9,469.6,292.2,98.4,109.5,59.8,99.2,32.0,2193.6,641.5
2025-06-13,382.2,388.8,412.1,211.5,470.4,294.6,98.2,108.5,59.4,99.2,32.1,2185.8,642.2
2025-06-20,384.7,391.4,414.6,212.1,469.2,295.5,99.0,108.8,58.7,99.2,32.2,2182.2,642.5
2025-06-27,389.7,396.3,419.4,213.3,471.6,297.2,99.0,111.2,61.1,99.2,31.7,2258.0,658.0
2025-07-04,390.8,397.5,420.5,213.6,473.1,297.6,97.4,112.8,62.3,99.2,31.7,2296.3,663.7
2025-07-11,388.0,394.7,417.8,212.9,472.2,296.6,96.9,112.1,61.5,99.2,31.6,2290.0,661.4
2025-07-18,389.3,396.1,419.1,213.3,472.9,297.1,97.7,111.2,62.0,99.2,31.1,2304.5,664.2
2025-07-25,393.5,400.5,423.3,214.4,477.5,298.4,97.0,112.2,63.7,99.2,31.1,2339.5,671.2
2025-08-01,398.2,405.2,427.9,215.6,471.6,300.7,99.0,110.0,68.6,99.2,30.9,2283.0,665.0
2025-08-08,399.7,406.6,429.3,215.9,477.5,300.7,101.0,110.6,68.0,99.2,30.3,2339.8,674.0
2025-08-15,399.6,406.5,429.1,215.8,479.4,300.4,98.7,111.8,68.0,99.2,30.3,2362.8,677.6
2025-08-22,406.4,413.7,436.1,217.7,482.8,303.0,97.1,112.6,68.3,99.2,30.6,2369.6,680.3
2025-08-29,407.5,415.0,437.3,218.0,481.8,303.7,97.7,111.4,67.0,99.2,30.5,2368.7,681.2
2025-09-05,415.6,424.6,446.5,220.6,486.5,307.3,97.6,111.6,66.1,99.2,30.3,2376.7,685.3
2025-09-12,420.0,429.3,451.0,221.9,491.4,308.6,99.2,111.6,65.0,99.2,29.7,2414.1,692.3
2025-09-19,420.7,429.5,451.2,221.9,492.7,308.3,100.5,111.7,62.4,99.2,29.2,2443.9,696.4
2025-09-26,420.1,428.8,450.6,221.8,494.0,307.7,98.6,110.6,62.4,99.2,29.3,2437.0,694.1
2025-10-03,425.9,435.2,456.6,223.7,499.3,309.7,98.4,111.1,63.9,99.2,29.1,2464.2,700.1
2025-10-10,422.1,431.2,452.8,222.4,494.9,309.8,98.9,110.6,69.9,99.2,28.9,2404.6,691.4
2025-10-17,431.5,441.7,462.9,225.3,502.9,313.3,99.6,109.9,69.9,99.2,29.0,2446.5,700.1
2025-10-24,434.5,445.5,466.5,226.3,506.7,314.0,99.2,110.5,66.3,99.2,28.9,2493.8,708.5
2025-10-31,430.0,440.4,461.6,224.7,505.3,310.7,100.3,109.3,67.1,99.2,28.2,2511.5,709.6
2025-11-07,428.3,438.2,459.5,224.1,502.5,311.0,99.1,109.6,65.0,99.2,28.7,2470.7,703.2
2025-11-14,428.2,438.5,459.8,224.2,504.1,310.7,99.0,108.4,64.6,99.2,28.7,2474.2,703.1
2025-11-21,429.2,439.6,460.9,224.4,500.6,312.2,98.9,107.8,63.5,99.2,29.0,2426.7,697.1
2025-11-28,438.5,449.3,470.1,226.9,510.9,314.4,99.8,110.1,62.2,99.2,28.9,2516.4,713.4
2025-12-05,436.1,446.3,467.3,226.1,511.1,312.6,101.0,112.1,60.1,99.2,29.0,2524.9,712.7
2025-12-12,435.4,445.1,466.1,225.7,510.8,312.0,102.1,112.5,61.7,99.2,29.4,2510.4,709.4
2025-12-19,438.8,448.6,469.4,226.7,513.9,313.0,101.9,111.9,62.1,99.2,29.4,2513.5,711.0
2025-12-26,444.7,454.6,475.2,228.5,519.4,314.3,101.8,112.0,62.7,99.2,29.0,2549.4,717.7
2026-01-02,442.5,452.2,472.9,227.8,517.9,313.3,101.4,111.1,62.2,99.2,29.2,2523.0,712.2
2026-01-09,450.0,459.6,479.9,229.9,524.5,314.8,102.0,112.6,61.3,98.4,29.2,2563.3,719.7
2026-01-16,452.4,461.7,482.0,230.6,527.2,315.1,103.0,113.2,61.1,97.4,29.3,2554.4,717.1
2026-01-23,455.6,465.4,485.5,231.8,531.0,315.8,104.0,112.6,61.7,97.3,29.5,2545.4,715.6
2026-01-30,455.2,464.3,484.5,231.2,529.6,315.9,105.2,111.6,60.2,97.3,29.4,2555.5,717.3
2026-02-06,458.4,468.3,488.2,232.4,533.4,317.4,106.9,115.6,60.2,97.3,29.8,2550.6,717.9
2026-02-13,463.5,474.4,494.0,234.2,535.8,320.4,108.3,114.5,60.9,97.3,30.3,2517.8,715.7
2026-02-20,464.5,475.4,494.9,234.4,537.8,320.2,108.2,114.7,62.9,97.3,30.0,2546.2,720.2
2026-02-27,469.0,480.6,499.9,235.7,541.1,321.9,107.1,114.0,62.9,97.3,30.1,2533.5,720.8
2026-03-06,454.6,465.5,485.6,232.1,529.9,318.5,105.6,109.7,63.3,97.3,30.5,2483.2,708.5
2026-03-13,444.9,454.7,475.3,229.2,523.7,315.1,107.6,108.8,64.9,97.3,30.5,2445.9,699.6
2026-03-20,437.4,446.6,467.6,227.1,519.6,312.1,108.1,107.2,64.9,97.3,30.7,2401.8,690.0
2026-03-27,437.0,446.1,467.1,227.0,520.2,311.3,109.0,106.5,66.9,97.3,31.4,2348.2,679.9
2026-04-03,448.4,458.4,478.9,230.5,527.8,316.1,108.6,107.4,66.8,97.3,31.3,2428.7,696.7
2026-04-10,453.4,463.8,484.0,231.9,531.8,317.3,111.1,107.2,66.6,97.3,30.5,2516.2,711.8
2026-04-17,460.5,471.8,491.6,234.1,536.5,320.4,110.2,108.6,67.9,97.3,30.6,2629.8,732.9
2026-04-24,460.6,471.6,491.4,234.1,537.4,319.3,111.0,106.6,67.4,97.3,30.2,2643.9,734.2
2026-05-01,462.1,472.9,492.7,234.5,539.2,318.4,112.4,107.7,66.3,97.3,30.0,2668.7,736.7
2026-05-08,465.9,478.4,497.9,236.0,543.3,319.5,116.3,108.6,66.3,97.3,29.5,2731.6,747.8
2026-05-15,459.9,471.2,491.1,234.2,540.7,314.7,117.1,107.2,66.3,97.3,29.3,2737.3,744.2
2026-05-22,462.2,473.3,493.0,234.9,542.2,316.3,115.3,108.7,,97.3,29.5,2761.3,749.2
2026-05-29,463.8,475.0,494.6,235.4,542.6,318.7,,108.2,,97.3,29.3,2801.4,758.2
2026-06-05,458.1,469.6,489.6,233.3,538.0,316.3,,107.7,,97.3,30.4,2731.3,744.6
2026-06-12,461.5,472.8,492.6,234.4,540.1,318.4,,109.5,,97.3,30.9,2746.9,748.9
2026-06-19,456.6,466.0,486.1,232.7,540.3,318.8,,,,97.3,30.4,2765.3,749.5
2026-06-26,453.3,462.7,482.9,231.7,,,,,,97.3,31.3,2699.6,740.8
2026-07-03,453.0,462.7,483.0,231.7,,,,,,97.3,31.1,2758.1,748.6
2026-07-10,454.5,464.0,484.3,232.2,,,,,,97.3,30.8,2795.7,753.1
2026-07-17,453.9,463.3,483.5,231.9,,,,,,97.3,30.8,2752.6,746.8
2026-07-24,455.1,464.7,484.9,232.3,,,,,,97.3,31.0,2736.4,741.6
2026-07-31,452.3,461.5,481.9,231.4,,,,,,97.3,30.9,2766.4,746.3
2026-08-07,456.5,466.7,486.8,232.6,,,,,,97.3,30.1,2863.6,763.7
2026-08-14,459.3,469.3,489.2,233.3,,,,,,97.3,30.2,2875.0,765.1
2026-08-21,458.3,466.9,487.0,232.4,,,,,,97.3,30.2,2835.6,758.1
2026-08-28,458.1,466.9,487.0,232.4,,,,,,97.3,30.1,2849.1,760.3
2026-09-04,457.8,466.0,486.1,232.1,,,,,,97.3,29.8,2852.2,760.0
2026-09-11,455.8,464.5,484.7,231.8,,,,,,97.3,29.9,2830.3,752.4
